distCode,distName,active_fps_shops
539,Nalgonda,997
537,Ranga Reddy,936
934,Sangareddy,845
533,Nizamabad,759
541,Khammam,748
937,Suryapet,735
536,Hyderabad,700
935,Siddipet,686
930,Medchal,618
926,Kamareddy,592
924,Jagityal,592
938,Vikarabad,588
534,Karimnagar,566
928,Mahabubabad,558
931,Nagarkarnool,552
535,Medak,520
941,Yadadri Bhuvanagiri,515
940,Warangal,509
538,Mahbubnagar,506
927,Bhadrdri Kothagudem,443
929,Manchiryala,423
540,Hanumakonda,414
932,Nirmal,412
933,Peddapalli,410
532,Adilabad,356
936,Rajanna Siricilla,345
923,Jogulamba Gadwal,335
925,Janagaon,335
939,Wanaparthy,325
921,Kumarambheem Asifabad,314
982,Narayanpet,301
922,Jayashankar Bhupalpalli,277
981,Mulugu,222
