shopNo,iqr_transaction,iqr_ratio,iqr_rice,isolation_forest,methods_detected,priority
1671169,True,True,False,True,3,High
1671171,True,False,False,True,2,Medium
1409030,True,False,False,False,1,Low
1581063,True,False,False,False,1,Low
1671174,False,False,False,True,1,Low
1581065,False,True,False,False,1,Low
1409034,False,False,True,False,1,Low
1581067,True,False,False,True,2,Medium
1581068,True,False,False,True,2,Medium
1581069,True,False,False,True,2,Medium
1671180,True,False,False,True,2,Medium
1581071,True,False,False,True,2,Medium
1671183,True,True,True,True,4,High
1671185,True,False,False,True,2,Medium
1671186,True,False,False,True,2,Medium
1671187,True,True,False,True,3,High
1671181,False,True,False,True,2,Medium
4309014,False,True,False,True,2,Medium
1671193,True,False,False,False,1,Low
1671194,True,True,False,True,3,High
1671196,False,True,False,True,2,Medium
3711004,False,True,False,False,1,Low
1671198,True,False,False,False,1,Low
1671199,True,True,False,True,3,High
1671201,True,False,False,True,2,Medium
1671202,True,False,False,True,2,Medium
1671203,True,False,False,True,2,Medium
1671204,False,False,False,True,1,Low
1671205,True,True,False,True,3,High
1671206,False,True,False,False,1,Low
1671208,False,True,False,False,1,Low
4309033,False,True,False,False,1,Low
3113020,False,True,False,False,1,Low
1581135,False,True,False,True,2,Medium
4604001,False,False,True,False,1,Low
1532002,True,True,False,True,3,High
1532003,True,False,False,True,2,Medium
4604004,False,False,True,False,1,Low
1532006,False,True,False,False,1,Low
4604007,False,False,True,False,1,Low
4604009,False,False,True,False,1,Low
4604013,False,False,True,False,1,Low
4604014,False,False,True,False,1,Low
4604015,False,False,True,False,1,Low
4604017,False,False,True,False,1,Low
4604019,False,False,True,False,1,Low
4604021,False,False,True,False,1,Low
4604022,False,False,True,False,1,Low
4604024,False,False,True,False,1,Low
1532026,True,False,False,True,2,Medium
4604026,False,False,True,False,1,Low
4604028,False,False,True,False,1,Low
4604029,False,False,True,False,1,Low
1532038,True,True,False,False,2,Medium
1532039,True,True,False,True,3,High
3408020,False,True,False,False,1,Low
1581210,True,False,False,False,1,Low
2810011,False,True,False,False,1,Low
3408033,False,True,False,False,1,Low
1581231,True,False,False,True,2,Medium
1581236,True,False,False,True,2,Medium
3703023,False,True,False,True,2,Medium
3105011,False,True,False,False,1,Low
3105017,False,True,True,True,3,High
1581313,False,True,False,False,1,Low
3105026,False,True,False,False,1,Low
3105029,False,True,False,False,1,Low
1581322,True,False,False,True,2,Medium
1909003,False,True,False,False,1,Low
3105035,False,True,False,False,1,Low
2720014,False,False,False,True,1,Low
3105045,False,True,False,False,1,Low
3105049,False,True,False,False,1,Low
1909018,False,False,True,False,1,Low
2335004,False,True,False,False,1,Low
1581341,True,False,False,True,2,Medium
3105052,False,True,False,False,1,Low
1909020,False,False,True,False,1,Low
3302098,False,True,False,False,1,Low
1581381,False,True,False,False,1,Low
1581387,True,False,False,True,2,Medium
1581395,True,False,False,False,1,Low
1581399,True,False,False,False,1,Low
1991002,True,False,False,True,2,Medium
1991004,True,False,False,True,2,Medium
1581405,True,False,False,True,2,Medium
1991006,True,False,False,True,2,Medium
1581409,True,False,False,True,2,Medium
4506007,False,False,True,False,1,Low
4506008,False,False,True,True,2,Medium
4506012,False,False,True,True,2,Medium
4506013,False,False,True,True,2,Medium
4506015,False,False,True,False,1,Low
3908003,False,True,False,False,1,Low
3908006,False,True,False,False,1,Low
3908007,False,True,False,False,1,Low
4506022,False,False,True,True,2,Medium
4506023,False,False,True,True,2,Medium
3908011,True,True,False,True,3,High
3310001,True,True,False,True,3,High
3310002,True,True,False,True,3,High
3908018,False,True,False,False,1,Low
3908021,False,True,False,False,1,Low
3310007,True,False,False,False,1,Low
3310009,False,True,False,False,1,Low
3310010,False,True,False,False,1,Low
3908027,False,True,False,False,1,Low
3908028,False,True,False,True,2,Medium
3310013,True,False,False,True,2,Medium
3310014,True,False,False,True,2,Medium
3310015,True,True,False,True,3,High
3310016,True,False,False,True,2,Medium
3908035,False,True,False,True,2,Medium
3310020,True,False,False,True,2,Medium
3310021,False,True,False,True,2,Medium
3310023,True,False,False,True,2,Medium
1901001,True,False,False,False,1,Low
2155006,False,True,False,False,1,Low
2155008,True,False,False,False,1,Low
2155018,False,True,False,False,1,Low
2155029,False,True,False,False,1,Low
3605016,False,True,False,True,2,Medium
2155038,True,False,False,False,1,Low
1679903,True,False,False,True,2,Medium
1679905,True,True,False,True,3,High
1679908,True,True,False,True,3,High
1679909,True,True,False,True,3,High
1679912,True,False,False,False,1,Low
1679915,True,False,False,False,1,Low
1679917,True,False,False,False,1,Low
3007021,False,False,True,False,1,Low
1679919,True,False,False,True,2,Medium
1679929,True,False,False,True,2,Medium
2409021,False,False,True,False,1,Low
1679935,True,True,False,True,3,High
1679937,False,True,False,False,1,Low
1679938,False,True,False,False,1,Low
1598019,False,False,True,False,1,Low
1581640,True,False,False,False,1,Low
1581641,True,False,False,True,2,Medium
1679945,True,False,False,False,1,Low
1679948,True,False,False,False,1,Low
1581646,True,False,False,True,2,Medium
1581647,True,False,False,True,2,Medium
1581648,True,False,False,True,2,Medium
1679951,True,False,False,True,2,Medium
1679952,False,True,False,False,1,Low
1679956,True,False,False,False,1,Low
2048602,False,True,False,True,2,Medium
1679963,True,False,False,True,2,Medium
2237021,False,True,False,False,1,Low
1679973,True,False,False,True,2,Medium
1679977,True,False,False,False,1,Low
2237033,True,False,False,True,2,Medium
4113003,False,False,True,False,1,Low
1679981,True,False,False,False,1,Low
4113006,False,False,True,False,1,Low
3302001,False,True,False,False,1,Low
4113009,False,False,True,False,1,Low
1679987,True,True,False,True,3,High
1679988,True,False,False,True,2,Medium
3302003,True,False,False,False,1,Low
3302006,True,False,False,False,1,Low
3302007,True,False,False,False,1,Low
1679991,False,True,False,False,1,Low
1679993,True,False,False,True,2,Medium
3302010,True,True,False,False,2,Medium
3302004,False,True,False,False,1,Low
3302008,False,True,False,False,1,Low
4113014,False,False,True,False,1,Low
3302014,True,True,False,True,3,High
1581695,True,False,False,False,1,Low
3302015,True,False,False,True,2,Medium
4113025,False,False,True,False,1,Low
3302018,False,True,False,False,1,Low
4113030,False,False,False,True,1,Low
3302023,False,True,False,False,1,Low
4113032,False,False,True,False,1,Low
3302025,True,False,False,False,1,Low
3302026,True,False,False,True,2,Medium
3302029,True,True,False,True,3,High
4113037,True,False,False,False,1,Low
3302030,False,True,False,False,1,Low
3302038,True,True,False,False,2,Medium
3302040,True,True,False,True,3,High
3302041,False,True,False,False,1,Low
3302042,True,True,False,True,3,High
3302044,False,True,False,True,2,Medium
3302045,True,False,False,True,2,Medium
3302046,True,True,False,False,2,Medium
3302047,True,True,False,False,2,Medium
3302048,True,True,False,True,3,High
3302049,False,True,False,False,1,Low
3302050,True,False,False,False,1,Low
2917026,False,True,False,True,2,Medium
3302051,False,True,False,False,1,Low
3302052,False,True,False,False,1,Low
3302056,True,True,False,True,3,High
3302057,False,True,False,False,1,Low
3302060,True,True,False,False,2,Medium
3302061,True,True,False,True,3,High
3302062,True,True,False,True,3,High
3302064,True,True,False,True,3,High
3302065,True,False,False,False,1,Low
3302067,True,False,False,False,1,Low
3302072,False,True,False,False,1,Low
3302074,True,False,False,False,1,Low
3302076,True,False,False,True,2,Medium
3302077,True,False,False,True,2,Medium
3302078,True,False,False,False,1,Low
3302079,True,False,False,False,1,Low
3384001,True,False,False,True,2,Medium
4408002,False,True,False,False,1,Low
3302083,False,True,False,False,1,Low
3384003,True,False,False,False,1,Low
3384004,True,False,False,True,2,Medium
3384005,True,False,False,False,1,Low
3302086,True,True,False,True,3,High
3302087,True,True,False,True,3,High
3302088,True,False,False,False,1,Low
3384006,True,False,False,True,2,Medium
3302090,True,False,False,True,2,Medium
3384008,True,False,False,False,1,Low
3302092,True,False,False,False,1,Low
3302089,False,True,False,False,1,Low
3302094,True,False,False,True,2,Medium
3302095,True,True,False,True,3,High
3302096,True,False,False,True,2,Medium
3384009,False,True,False,False,1,Low
3384012,False,True,False,False,1,Low
3384019,True,False,False,False,1,Low
3384020,True,False,False,True,2,Medium
3302101,True,False,False,True,2,Medium
3384016,False,True,False,False,1,Low
3302103,True,False,False,False,1,Low
3302104,True,True,False,True,3,High
3302105,True,True,False,True,3,High
3384023,True,False,False,True,2,Medium
3302106,False,True,False,False,1,Low
3302107,False,True,False,False,1,Low
3810009,False,True,False,False,1,Low
3302111,True,True,False,False,2,Medium
3302112,True,True,False,True,3,High
3810010,False,True,False,False,1,Low
3302114,True,True,False,True,3,High
3384035,True,False,False,False,1,Low
3302116,False,True,False,False,1,Low
4023012,False,True,False,False,1,Low
3302118,False,True,True,True,3,High
3302119,False,True,False,False,1,Low
3384038,False,True,False,True,2,Medium
3302121,True,False,False,True,2,Medium
3384042,True,True,False,True,3,High
3302123,True,False,False,False,1,Low
3302125,True,True,False,True,3,High
3302126,False,True,False,False,1,Low
3302127,True,False,False,False,1,Low
3384048,False,True,True,True,3,High
3384049,False,True,True,True,3,High
3302130,True,True,False,True,3,High
3302131,True,True,False,True,3,High
3810033,False,True,False,False,1,Low
3384053,True,False,False,True,2,Medium
3384054,True,True,False,True,3,High
3302135,True,False,False,False,1,Low
3302136,True,False,False,False,1,Low
3384056,False,True,False,False,1,Low
3302138,True,False,False,True,2,Medium
3384059,False,True,False,False,1,Low
3302140,True,True,False,False,2,Medium
3810040,False,True,False,False,1,Low
3302142,False,True,False,False,1,Low
3810038,False,True,False,False,1,Low
3302144,True,False,False,True,2,Medium
3384065,True,False,False,False,1,Low
3384066,True,False,False,False,1,Low
3302145,False,True,False,False,1,Low
3302148,True,False,False,False,1,Low
3302146,False,True,False,False,1,Low
3384070,True,False,False,True,2,Medium
3384071,True,True,False,True,3,High
3384067,False,True,False,False,1,Low
3302153,False,True,False,True,2,Medium
3384074,True,True,False,True,3,High
3384075,True,False,False,False,1,Low
3302154,False,True,False,False,1,Low
3384077,True,False,False,False,1,Low
3302157,False,True,False,False,1,Low
3302158,False,True,False,False,1,Low
2401036,False,False,True,False,1,Low
3384081,False,True,False,False,1,Low
3302164,True,False,False,True,2,Medium
3384086,True,True,False,True,3,High
3384088,True,False,False,False,1,Low
3384089,True,True,False,True,3,High
3384090,True,True,False,False,2,Medium
3302169,False,True,False,True,2,Medium
3302171,False,True,False,True,2,Medium
3302172,False,True,False,True,2,Medium
3384091,False,True,False,False,1,Low
3384096,False,True,False,False,1,Low
3302177,False,True,False,True,2,Medium
3384102,True,True,False,True,3,High
3302183,False,True,False,False,1,Low
3384108,True,True,False,False,2,Medium
3384109,True,False,False,False,1,Low
3302190,False,True,False,False,1,Low
3384111,True,False,False,False,1,Low
3384112,True,False,False,False,1,Low
3384113,True,True,False,True,3,High
3384114,True,False,False,True,2,Medium
3384115,True,False,False,True,2,Medium
3302196,True,True,False,True,3,High
3384116,True,True,False,True,3,High
3384117,True,True,False,True,3,High
3384118,True,False,False,False,1,Low
3384119,True,True,False,True,3,High
3384120,True,True,False,True,3,High
3302202,True,False,False,True,2,Medium
3384123,True,True,False,True,3,High
3302199,False,True,False,True,2,Medium
3384125,True,False,False,False,1,Low
3302206,True,True,False,True,3,High
3384126,True,False,False,True,2,Medium
3384127,True,False,False,False,1,Low
3384129,True,False,False,True,2,Medium
3384122,False,True,False,False,1,Low
3384131,True,False,False,False,1,Low
3384132,True,False,False,True,2,Medium
3384133,True,False,False,True,2,Medium
3384134,True,False,False,False,1,Low
3302213,False,True,False,True,2,Medium
3384136,True,False,False,True,2,Medium
3384137,True,False,False,True,2,Medium
4318022,False,True,False,False,1,Low
2909003,False,True,False,False,1,Low
3302221,False,True,False,True,2,Medium
4318030,True,False,False,False,1,Low
3302223,True,False,False,True,2,Medium
3302224,True,True,False,False,2,Medium
3302225,True,True,False,True,3,High
3384143,True,False,False,True,2,Medium
3302227,True,False,False,False,1,Low
3384145,True,False,False,True,2,Medium
2909008,False,True,False,False,1,Low
2909013,False,True,False,True,2,Medium
3384150,False,True,False,False,1,Low
3302232,True,True,False,True,3,High
3384152,True,False,False,True,2,Medium
3384148,False,False,False,True,1,Low
3302235,True,True,False,True,3,High
3384156,True,False,False,True,2,Medium
3384157,True,False,False,True,2,Medium
3302236,False,True,False,True,2,Medium
2909022,False,True,False,False,1,Low
3384160,True,True,False,True,3,High
4318049,False,True,False,False,1,Low
3302241,True,True,False,True,3,High
3302242,True,False,False,False,1,Low
3302243,True,False,False,False,1,Low
1500004,True,True,False,True,3,High
1500005,True,True,False,True,3,High
3384161,True,False,False,True,2,Medium
3384162,True,True,False,True,3,High
2909032,True,True,False,True,3,High
3384164,True,False,False,False,1,Low
3384165,True,False,False,True,2,Medium
1500006,False,True,False,False,1,Low
1500007,False,True,False,False,1,Low
4318062,False,True,False,True,2,Medium
1500013,True,False,False,False,1,Low
1500015,True,True,False,True,3,High
3384175,True,False,False,False,1,Low
1500017,True,True,False,True,3,High
1926001,True,False,False,False,1,Low
1926002,True,False,False,False,1,Low
1926003,True,True,False,False,2,Medium
3384179,True,False,False,True,2,Medium
3384180,True,False,False,False,1,Low
3384181,True,False,False,True,2,Medium
1500024,True,True,False,True,3,High
3384182,True,False,False,False,1,Low
3384186,True,True,False,True,3,High
1500019,False,True,False,False,1,Low
1500020,False,True,False,False,1,Low
3384189,True,True,False,True,3,High
3384190,True,False,False,True,2,Medium
3384191,True,False,False,True,2,Medium
3384185,False,True,False,False,1,Low
3384192,False,True,False,True,2,Medium
3384194,True,False,False,True,2,Medium
3384195,True,False,False,True,2,Medium
2909060,True,False,False,False,1,Low
3384198,True,False,False,True,2,Medium
3384199,True,False,False,True,2,Medium
3384200,True,False,False,False,1,Low
2909062,False,True,False,False,1,Low
1926026,False,False,True,False,1,Low
3384203,True,True,False,True,3,High
3384204,True,False,False,False,1,Low
3384205,True,True,False,True,3,High
3384206,True,True,False,True,3,High
1926030,False,True,False,False,1,Low
3384208,True,False,False,True,2,Medium
3384209,True,True,False,True,3,High
3384210,False,True,False,False,1,Low
1926027,False,False,True,False,1,Low
1926031,False,False,True,False,1,Low
3384213,True,False,False,False,1,Low
3384214,True,False,False,False,1,Low
1926032,False,False,True,False,1,Low
3384217,True,False,False,True,2,Medium
3384218,True,False,False,True,2,Medium
3384219,True,False,False,False,1,Low
3384221,True,False,False,False,1,Low
3384222,True,False,False,False,1,Low
3384223,True,False,False,False,1,Low
3384224,True,False,False,False,1,Low
3384226,False,True,False,False,1,Low
3204010,False,True,False,False,1,Low
4015021,False,False,False,True,1,Low
4015023,False,True,False,False,1,Low
3204023,False,True,False,False,1,Low
2606013,False,False,True,False,1,Low
2901003,False,True,False,False,1,Low
2901004,True,False,False,False,1,Low
1672206,True,False,False,False,1,Low
1672207,False,True,False,True,2,Medium
1672208,True,True,False,True,3,High
3114001,False,True,False,False,1,Low
1672211,True,False,False,True,2,Medium
1672212,True,False,False,True,2,Medium
1672213,False,False,False,True,1,Low
1672214,True,False,False,True,2,Medium
1672215,True,False,True,True,3,High
1672216,True,False,True,True,3,High
1672219,True,False,True,True,3,High
1672223,True,False,False,True,2,Medium
1672225,False,False,True,True,2,Medium
2901026,True,False,False,False,1,Low
1672228,True,False,True,True,3,High
1672229,False,False,False,True,1,Low
1672231,False,False,True,True,2,Medium
1672233,False,True,False,True,2,Medium
1672234,True,False,False,True,2,Medium
1672236,True,False,True,True,3,High
1672238,False,True,False,False,1,Low
1672240,True,True,False,True,3,High
3114032,False,True,False,False,1,Low
1672242,True,False,False,True,2,Medium
1672243,True,False,False,True,2,Medium
1672244,True,False,True,True,3,High
1672245,True,False,False,True,2,Medium
3114039,False,True,False,True,2,Medium
1672248,True,False,False,True,2,Medium
1672250,True,False,False,True,2,Medium
1672251,True,False,False,True,2,Medium
1672252,False,True,False,False,1,Low
1672254,True,False,False,False,1,Low
1672259,False,True,False,False,1,Low
1672261,True,False,False,True,2,Medium
1672262,True,False,True,True,3,High
1705029,False,True,False,False,1,Low
1672266,True,False,False,True,2,Medium
1672268,True,False,False,True,2,Medium
2049101,True,False,False,False,1,Low
1672270,True,False,False,True,2,Medium
1672271,True,True,False,True,3,High
1672272,True,False,False,True,2,Medium
1672273,True,False,False,True,2,Medium
1672269,False,False,False,True,1,Low
1672275,False,False,False,True,1,Low
1672276,False,False,False,True,1,Low
1672277,True,True,False,True,3,High
1672278,True,False,False,True,2,Medium
1672279,True,True,True,True,4,High
4605015,False,False,True,False,1,Low
1672282,True,False,True,True,3,High
1672283,True,False,False,True,2,Medium
1672284,True,False,False,True,2,Medium
1672285,True,False,False,False,1,Low
1533021,False,True,False,False,1,Low
4605022,False,True,False,False,1,Low
1672288,True,True,False,True,3,High
1672289,True,False,True,True,3,High
1533028,False,False,True,False,1,Low
1672292,True,False,False,True,2,Medium
1533030,False,True,False,False,1,Low
1533029,False,True,False,False,1,Low
1672294,True,False,True,True,3,High
1672295,True,False,False,True,2,Medium
1672296,True,False,True,True,3,High
1672297,True,False,True,True,3,High
1672298,True,False,False,False,1,Low
1533037,False,False,True,True,2,Medium
1672299,True,False,True,True,3,High
1672300,True,False,False,True,2,Medium
1672301,True,False,False,True,2,Medium
1672302,True,False,False,True,2,Medium
1672303,True,False,False,True,2,Medium
1672304,True,False,False,True,2,Medium
1672305,False,True,False,True,2,Medium
1672306,True,True,True,True,4,High
1672307,True,False,False,True,2,Medium
1672308,True,False,False,True,2,Medium
3409015,False,True,False,False,1,Low
1533048,False,False,True,False,1,Low
1672315,True,False,False,True,2,Medium
1672316,True,False,False,True,2,Medium
1672317,True,False,False,True,2,Medium
1672318,True,False,False,True,2,Medium
1672319,True,False,False,True,2,Medium
3409020,False,True,False,False,1,Low
3409024,False,True,False,False,1,Low
3409019,False,False,True,True,2,Medium
3024008,False,True,False,True,2,Medium
3106002,False,True,False,False,1,Low
3106008,False,True,False,False,1,Low
3106034,False,True,False,False,1,Low
3106052,False,True,False,False,1,Low
4212005,False,True,False,False,1,Low
1992003,True,False,False,False,1,Low
3016027,False,True,False,False,1,Low
2246001,False,False,False,True,1,Low
2246007,False,False,False,True,1,Low
3909029,False,True,False,False,1,Low
3909034,False,False,False,True,1,Low
3909036,False,True,False,False,1,Low
2713013,False,False,False,True,1,Low
2713014,False,False,False,True,1,Low
2713015,False,False,False,True,1,Low
2713016,False,False,True,True,2,Medium
2713017,False,False,True,True,2,Medium
2713018,False,False,False,True,1,Low
2713020,False,False,False,True,1,Low
2713021,False,False,False,True,1,Low
2713022,False,False,True,True,2,Medium
2713023,False,False,True,True,2,Medium
2713025,False,False,True,True,2,Medium
2713027,False,False,False,True,1,Low
2713028,False,False,False,True,1,Low
2713032,False,False,False,True,1,Low
1517001,True,False,False,True,2,Medium
2713033,False,False,False,True,1,Low
1517003,True,False,False,True,2,Medium
1517004,False,True,False,False,1,Low
1517014,True,False,False,True,2,Medium
1517015,True,True,False,True,3,High
1517020,False,False,True,True,2,Medium
1517021,True,True,False,True,3,High
1517022,False,False,True,False,1,Low
3606003,False,True,False,False,1,Low
4204024,False,False,True,False,1,Low
4204028,False,False,True,False,1,Low
4204029,False,False,True,False,1,Low
3606019,False,True,False,False,1,Low
3008007,False,False,True,True,2,Medium
3008009,False,False,False,True,1,Low
1599002,True,True,False,True,3,High
1599003,True,False,False,True,2,Medium
1599004,True,False,False,True,2,Medium
1599005,True,False,False,True,2,Medium
1599006,True,False,False,False,1,Low
1599007,True,True,False,True,3,High
1599008,True,False,False,True,2,Medium
2410015,False,False,True,False,1,Low
1599010,True,True,False,True,3,High
1599011,True,False,False,True,2,Medium
1599013,True,True,False,True,3,High
1599014,True,False,False,False,1,Low
1599015,True,True,False,True,3,High
1599016,True,False,False,True,2,Medium
1599017,False,True,False,False,1,Low
1599018,True,False,False,True,2,Medium
1599020,True,True,False,True,3,High
1599023,True,True,False,True,3,High
1599024,True,False,False,False,1,Low
2033204,False,True,False,False,1,Low
2033207,True,False,False,True,2,Medium
3516001,True,False,False,False,1,Low
2033253,False,False,False,True,1,Low
3811004,True,False,False,True,2,Medium
3213001,False,True,False,False,1,Low
3213028,False,True,False,True,2,Medium
3213038,False,True,False,False,1,Low
2230004,False,True,False,False,1,Low
2230009,False,True,False,False,1,Low
3213057,False,True,False,True,2,Medium
3213064,False,True,False,False,1,Low
2230029,False,True,False,True,2,Medium
2230030,False,False,True,False,1,Low
4106021,False,False,True,False,1,Low
4106022,False,False,True,False,1,Low
4106024,False,False,True,False,1,Low
3508016,False,True,False,False,1,Low
4106034,False,False,True,False,1,Low
3721013,False,True,False,False,1,Low
3721018,False,True,False,False,1,Low
2910013,False,False,True,False,1,Low
2910014,False,False,True,False,1,Low
3803012,False,True,False,False,1,Low
3803023,False,True,False,False,1,Low
3803025,False,True,False,False,1,Low
3803026,False,True,False,False,1,Low
3803033,False,True,False,False,1,Low
3803035,False,True,False,False,1,Low
1583004,True,False,False,False,1,Low
1583005,True,False,False,True,2,Medium
3803036,False,True,False,False,1,Low
3803040,True,False,False,False,1,Low
2607019,False,False,True,False,1,Low
3803055,False,True,False,False,1,Low
3803056,False,True,False,False,1,Low
3803057,False,True,False,False,1,Low
1837003,True,False,False,False,1,Low
1583057,True,True,False,True,3,High
1583059,True,True,False,True,3,High
1583062,True,False,False,True,2,Medium
4311003,False,True,False,False,1,Low
4311017,False,True,False,True,2,Medium
3115013,False,True,False,False,1,Low
2902023,False,True,False,False,1,Low
3115015,False,True,False,False,1,Low
1706028,False,True,False,False,1,Low
1534002,False,True,False,False,1,Low
1747001,False,False,True,True,2,Medium
4606009,False,False,True,False,1,Low
4606011,False,True,False,False,1,Low
4606013,False,False,True,False,1,Low
4606014,False,False,True,False,1,Low
4606017,False,False,True,False,1,Low
4008002,False,True,False,True,2,Medium
4606018,False,False,True,False,1,Low
4606020,False,False,True,False,1,Low
4008005,True,False,False,False,1,Low
4606022,False,False,True,True,2,Medium
4008007,False,True,False,False,1,Low
4008012,False,True,False,False,1,Low
4008019,False,True,False,True,2,Medium
3410004,False,True,False,True,2,Medium
1673301,True,True,False,True,3,High
1673302,True,False,False,True,2,Medium
1673304,True,True,False,True,3,High
4008024,True,True,False,True,3,High
1673306,True,False,False,True,2,Medium
1673309,True,False,False,True,2,Medium
1583199,False,True,False,True,2,Medium
1673312,True,False,False,False,1,Low
1673311,False,False,True,True,2,Medium
1583202,True,False,False,True,2,Medium
1673316,True,False,False,False,1,Low
1673318,True,True,False,True,3,High
3025001,True,False,False,False,1,Low
1673325,True,False,False,True,2,Medium
1673329,True,False,False,True,2,Medium
1583227,False,False,False,True,1,Low
1673340,False,False,True,False,1,Low
1673346,False,True,False,False,1,Low
1583239,True,True,False,True,3,High
1673354,True,False,False,False,1,Low
1673358,True,False,True,True,3,High
1673359,True,False,False,False,1,Low
1673362,False,True,False,True,2,Medium
1673364,True,True,False,True,3,High
1673365,False,False,False,True,1,Low
1673368,True,False,False,True,2,Medium
1673369,True,False,False,True,2,Medium
1673370,True,True,True,True,4,High
1673371,True,False,False,True,2,Medium
1673372,True,True,False,True,3,High
1673373,True,False,False,True,2,Medium
1673374,True,False,False,True,2,Medium
1673375,True,False,False,True,2,Medium
1673377,True,True,False,True,3,High
1583266,True,False,False,True,2,Medium
1673379,True,False,False,True,2,Medium
1673378,False,False,False,True,1,Low
1673381,False,True,False,False,1,Low
1673380,False,False,False,True,1,Low
1673383,True,False,False,True,2,Medium
1673385,False,True,False,False,1,Low
1673388,True,False,False,True,2,Medium
1673389,True,False,True,True,3,High
1673390,True,False,True,True,3,High
1673391,True,False,False,True,2,Medium
1673392,True,False,False,True,2,Medium
1673393,True,False,False,True,2,Medium
1673394,True,False,False,True,2,Medium
1673395,True,False,True,True,3,High
1673396,True,True,False,True,3,High
1673399,True,True,False,True,3,High
1673400,True,False,True,True,3,High
1673402,True,False,False,True,2,Medium
1673403,False,False,False,True,1,Low
1673405,False,False,False,True,1,Low
1673406,True,False,False,True,2,Medium
1673407,True,False,False,True,2,Medium
1673408,True,False,False,True,2,Medium
3107016,False,True,False,True,2,Medium
3107019,False,True,False,False,1,Low
1673430,True,False,False,True,2,Medium
1673431,True,False,False,True,2,Medium
1673432,True,False,False,True,2,Medium
1673433,True,False,False,True,2,Medium
1485017,False,True,False,False,1,Low
1911005,True,False,False,False,1,Low
1911011,False,True,False,False,1,Low
2337024,False,True,False,True,2,Medium
1583376,True,False,False,True,2,Medium
4213009,True,False,False,True,2,Medium
4213014,True,False,False,False,1,Low
3402006,False,True,False,True,2,Medium
3402010,False,True,False,False,1,Low
4213020,True,True,False,True,3,High
1583390,True,False,False,False,1,Low
1583391,True,False,False,True,2,Medium
1583394,True,False,False,True,2,Medium
3402018,False,False,True,False,1,Low
3402023,False,False,True,False,1,Low
1583401,True,True,False,True,3,High
1583402,True,False,False,True,2,Medium
2804011,False,True,False,False,1,Low
2804013,False,True,False,True,2,Medium
2804017,False,True,False,False,1,Low
2804030,False,True,False,False,1,Low
1821035,False,False,True,False,1,Low
1821036,False,False,True,False,1,Low
3312002,True,False,False,False,1,Low
3312004,True,False,False,True,2,Medium
3312007,True,False,False,True,2,Medium
3312009,True,False,False,True,2,Medium
2501002,True,False,False,False,1,Low
2288011,False,False,False,True,1,Low
3312022,True,False,False,True,2,Medium
3312025,True,False,False,True,2,Medium
2501027,False,True,False,False,1,Low
1518012,False,False,False,True,1,Low
2714047,False,True,False,False,1,Low
4205009,False,True,False,False,1,Low
4418001,False,True,False,False,1,Low
4205014,False,True,False,False,1,Low
1518039,False,False,True,False,1,Low
4205018,False,True,False,True,2,Medium
4205021,False,True,False,False,1,Low
1583618,True,False,False,False,1,Low
1583619,True,False,False,False,1,Low
1583620,True,True,False,True,3,High
1583622,True,True,False,True,3,High
1583624,True,False,False,True,2,Medium
1583625,True,False,False,True,2,Medium
1583626,True,False,False,True,2,Medium
1583627,True,False,False,True,2,Medium
1583628,True,False,False,True,2,Medium
1583630,True,True,False,False,2,Medium
1583631,True,True,False,True,3,High
1583632,True,True,False,True,3,High
1583633,True,False,False,True,2,Medium
1583634,False,True,False,False,1,Low
1583637,True,False,False,False,1,Low
1583638,False,True,False,True,2,Medium
2718018,False,False,False,True,1,Low
3517002,False,True,False,False,1,Low
4115024,False,False,True,False,1,Low
4115025,False,False,True,False,1,Low
4115026,False,False,True,False,1,Low
2706004,False,True,False,False,1,Low
2706005,True,True,False,True,3,High
2706010,False,True,False,False,1,Low
2706012,True,True,False,False,2,Medium
2706013,False,True,False,False,1,Low
2321001,True,False,False,True,2,Medium
2919024,False,False,True,False,1,Low
2706049,False,True,False,False,1,Low
1583747,True,False,False,False,1,Low
2706057,True,True,False,True,3,High
1723035,False,True,False,False,1,Low
4410019,False,True,False,False,1,Low
4410021,False,True,False,False,1,Low
3001014,True,False,False,True,2,Medium
2403003,False,False,True,False,1,Low
2403009,False,False,True,False,1,Low
1592021,False,False,True,False,1,Low
1592024,False,False,False,True,1,Low
4107007,False,False,True,False,1,Low
4107014,False,False,True,False,1,Low
4107016,False,False,True,False,1,Low
4107017,False,True,False,False,1,Low
3722002,True,True,False,True,3,High
4107026,False,False,True,True,2,Medium
4107027,False,False,True,False,1,Low
4107028,False,False,True,False,1,Low
3722006,True,True,False,True,3,High
3509015,True,False,False,True,2,Medium
3722007,False,True,False,False,1,Low
4107030,False,False,True,False,1,Low
3722010,False,True,False,False,1,Low
4107031,False,False,True,False,1,Low
3722013,False,True,False,False,1,Low
2911006,False,False,True,False,1,Low
3722015,False,True,False,True,2,Medium
4107037,False,False,True,False,1,Low
3722018,False,True,False,False,1,Low
4107043,False,False,True,False,1,Low
3722020,False,True,False,False,1,Low
3722021,False,True,False,False,1,Low
3722022,False,True,False,False,1,Low
3722023,False,True,False,False,1,Low
3722024,False,True,False,False,1,Low
3722027,False,True,False,False,1,Low
3722028,False,True,False,False,1,Low
3722030,False,True,False,False,1,Low
3722031,True,True,False,True,3,High
3722032,False,True,False,False,1,Low
3722038,False,True,False,False,1,Low
2354019,False,True,False,True,2,Medium
4402024,False,True,False,False,1,Low
3206003,False,True,False,False,1,Low
4017023,False,True,False,False,1,Low
2608021,False,False,True,False,1,Low
2608029,False,False,True,False,1,Low
2223030,False,True,False,False,1,Low
2223031,False,True,False,False,1,Low
4312011,False,True,False,False,1,Low
3501017,False,True,False,True,2,Medium
1671162,True,True,False,True,3,High
4312036,False,True,False,False,1,Low
3501029,True,True,False,True,3,High
3501030,False,True,False,False,1,Low
3714021,False,False,True,False,1,Low
3501032,False,True,False,True,2,Medium
3501033,False,True,False,False,1,Low
3501039,True,True,False,True,3,High
3116019,False,True,False,False,1,Low
3501047,True,False,False,False,1,Low
3116033,False,True,False,False,1,Low
3116035,False,True,False,True,2,Medium
1707029,False,True,False,False,1,Low
1671176,False,False,False,True,1,Low
3411005,False,True,False,False,1,Low
3384072,False,False,False,True,1,Low
3411013,False,False,True,False,1,Low
2813001,False,True,False,False,1,Low
4304001,False,True,False,False,1,Low
1674403,True,False,False,True,2,Medium
1674405,False,True,False,False,1,Low
3108005,False,True,False,False,1,Low
1674407,True,False,False,True,2,Medium
3108009,False,True,False,False,1,Low
3108010,False,True,False,True,2,Medium
1674411,False,True,False,False,1,Low
1674419,False,True,False,False,1,Low
1486004,False,False,True,False,1,Low
1674421,True,True,False,True,3,High
1674423,False,True,False,False,1,Low
1674431,True,False,False,False,1,Low
1486017,False,False,True,False,1,Low
1674435,False,True,False,False,1,Low
1674436,True,False,False,True,2,Medium
1912007,True,False,False,False,1,Low
3108040,False,True,False,False,1,Low
1674443,False,True,False,False,1,Low
1674446,False,True,False,False,1,Low
1674447,False,True,False,False,1,Low
1674449,False,True,False,False,1,Low
1674450,False,True,False,False,1,Low
1674452,True,True,False,True,3,High
2338015,False,False,False,True,1,Low
1674466,False,True,False,True,2,Medium
2338022,False,False,False,True,1,Low
1674472,False,True,False,False,1,Low
1674474,False,True,False,False,1,Low
1674478,False,True,False,False,1,Low
4001006,False,True,False,False,1,Low
1674480,False,True,False,False,1,Low
4001013,False,True,False,False,1,Low
1674486,True,True,False,True,3,High
3403004,False,True,False,False,1,Low
1674494,False,True,False,False,1,Low
1674495,True,True,False,True,3,High
4001022,False,True,False,False,1,Low
1674499,False,True,False,False,1,Low
1674500,True,True,False,True,3,High
3403011,False,False,True,True,2,Medium
2084102,False,True,False,False,1,Low
3403012,False,False,True,False,1,Low
2084105,True,True,False,True,3,High
2084109,True,False,False,False,1,Low
2084114,True,False,False,False,1,Low
2084115,True,False,False,False,1,Low
2084116,False,True,False,False,1,Low
2084118,False,True,False,False,1,Low
2084119,True,True,False,True,3,High
2084122,True,True,False,True,3,High
2084124,True,False,False,False,1,Low
2084128,False,True,False,False,1,Low
2084131,True,False,False,False,1,Low
2084132,True,False,False,False,1,Low
2084134,True,True,False,True,3,High
2084135,False,True,False,False,1,Low
2084137,True,False,False,False,1,Low
2084139,True,True,False,True,3,High
2084140,True,True,False,True,3,High
2084141,True,True,False,True,3,High
2084142,True,True,False,True,3,High
2084146,True,False,False,True,2,Medium
2084147,True,True,False,True,3,High
2084148,False,True,False,True,2,Medium
2084149,True,False,False,False,1,Low
2084150,True,True,False,False,2,Medium
2084151,True,True,False,True,3,High
2084152,True,False,False,False,1,Low
2084153,True,True,False,True,3,High
3384121,False,False,False,True,1,Low
2084155,True,True,False,False,2,Medium
2084157,True,True,False,True,3,High
2084158,True,True,False,True,3,High
2084161,True,True,False,True,3,High
2084165,False,True,False,False,1,Low
4509002,True,False,False,True,2,Medium
2084171,False,True,False,False,1,Low
2084172,False,True,False,False,1,Low
2084173,False,True,False,False,1,Low
2084176,False,True,False,False,1,Low
3911009,True,True,False,True,3,High
3911010,False,True,False,False,1,Low
3313002,False,True,False,False,1,Low
3911019,True,True,False,True,3,High
3313004,True,True,False,True,3,High
3313005,True,False,False,False,1,Low
3911021,True,True,False,False,2,Medium
3313013,True,True,False,True,3,High
3313017,True,True,False,True,3,High
3313024,True,True,False,False,2,Medium
3313026,True,True,False,True,3,High
3313027,True,True,False,False,2,Medium
3313029,False,True,False,False,1,Low
3384141,False,False,False,True,1,Low
3821028,False,False,False,True,1,Low
1814031,True,False,False,False,1,Low
2281005,False,True,False,False,1,Low
4116014,True,False,False,True,2,Medium
2281013,True,False,False,False,1,Low
2281019,True,False,False,False,1,Low
4116042,True,False,False,True,2,Medium
3384176,False,True,False,False,1,Low
2281038,True,True,False,True,3,High
4116048,True,False,False,False,1,Low
4116049,True,False,False,False,1,Low
3384177,False,True,False,False,1,Low
2281041,False,True,False,False,1,Low
2281047,True,False,False,True,2,Medium
2281048,False,False,False,True,1,Low
2920027,False,False,True,False,1,Low
2109023,False,True,False,False,1,Low
2281055,False,True,False,False,1,Low
2281097,True,False,False,True,2,Medium
2281100,False,True,False,False,1,Low
2281104,False,True,False,True,2,Medium
3002001,True,False,False,True,2,Medium
3002002,True,False,False,True,2,Medium
2281105,False,True,False,False,1,Low
2281106,False,True,False,False,1,Low
3002005,True,False,False,True,2,Medium
4411028,False,True,False,False,1,Low
4411030,False,False,False,True,1,Low
2404006,False,False,True,False,1,Low
3002023,False,False,True,False,1,Low
2404012,False,False,True,False,1,Low
2404014,False,True,False,False,1,Low
2404016,True,False,False,False,1,Low
2404021,False,False,True,False,1,Low
2232001,True,False,False,True,2,Medium
1593033,False,True,False,False,1,Low
1421015,False,True,False,False,1,Low
2060010,False,True,False,False,1,Low
2060024,False,True,False,False,1,Low
2060025,False,True,False,False,1,Low
3723009,False,True,False,False,1,Low
2060034,False,True,False,False,1,Low
1888019,False,False,True,False,1,Low
3723034,False,True,False,False,1,Low
3723035,True,True,False,True,3,High
2912029,False,True,False,False,1,Low
3723038,False,True,False,False,1,Low
3723039,False,True,False,False,1,Low
3723044,True,True,False,False,2,Medium
3723047,False,True,False,False,1,Low
3723050,True,True,False,True,3,High
4403007,False,True,False,False,1,Low
3805023,False,True,False,False,1,Low
4018022,False,True,False,False,1,Low
3207020,True,False,False,True,2,Medium
4018028,False,True,False,False,1,Low
4018029,False,True,False,False,1,Low
4018031,False,True,False,False,1,Low
4018050,False,True,False,False,1,Low
4018054,True,False,False,False,1,Low
4018055,True,True,False,False,2,Medium
1585046,False,True,False,False,1,Low
1585087,True,True,False,True,3,High
1585088,True,True,False,True,3,High
1585089,True,True,False,False,2,Medium
1585090,True,True,False,True,3,High
2904012,True,False,False,False,1,Low
1585141,True,False,False,True,2,Medium
1708022,False,True,False,False,1,Low
1585144,True,False,False,False,1,Low
1708027,False,True,False,True,2,Medium
1585165,True,True,False,True,3,High
1585168,True,False,False,False,1,Low
1585178,True,True,False,True,3,High
1585179,True,True,False,False,2,Medium
1585182,True,True,False,True,3,High
1585187,True,False,False,False,1,Low
1585188,True,False,False,False,1,Low
1585197,True,True,False,True,3,High
2388013,False,True,False,False,1,Low
2388014,False,True,False,False,1,Low
2388021,False,True,False,False,1,Low
2388022,False,True,False,False,1,Low
3027001,True,False,False,True,2,Medium
1585226,True,False,False,False,1,Low
1585267,True,True,False,False,2,Medium
4305027,False,False,False,True,1,Low
1585300,True,True,False,True,3,High
3109012,False,False,False,True,1,Low
3109013,False,False,False,True,1,Low
2511001,False,True,False,False,1,Low
1585310,False,True,False,False,1,Low
1585317,False,True,False,False,1,Low
1585318,True,True,False,False,2,Medium
1585326,True,True,False,False,2,Medium
1585327,True,True,False,True,3,High
1585330,True,True,False,False,2,Medium
1585331,True,True,False,True,3,High
1585332,True,False,False,False,1,Low
1585334,False,True,False,True,2,Medium
1585345,True,False,False,True,2,Medium
1585354,True,True,False,True,3,High
2339021,True,False,False,False,1,Low
1585365,True,False,False,True,2,Medium
4002008,False,True,False,False,1,Low
1585377,True,True,False,True,3,High
1585379,True,True,False,True,3,High
3404003,False,True,False,False,1,Low
1585382,True,False,False,False,1,Low
3404011,False,True,False,False,1,Low
1675501,True,False,False,False,1,Low
1675503,False,False,False,True,1,Low
1585392,False,True,False,False,1,Low
1585393,True,True,False,True,3,High
1675506,True,True,False,True,3,High
1675507,True,True,False,True,3,High
1675505,False,False,False,True,1,Low
2806004,False,False,False,True,1,Low
1675510,True,False,False,True,2,Medium
1675511,True,False,False,True,2,Medium
1675512,True,True,False,True,3,High
1675513,True,False,False,True,2,Medium
1675514,True,False,False,True,2,Medium
1675517,True,False,False,True,2,Medium
1585406,True,True,False,True,3,High
1585407,True,True,False,True,3,High
1585408,True,True,False,True,3,High
1675518,True,True,False,True,3,High
1675519,True,False,False,True,2,Medium
1675521,True,False,False,True,2,Medium
1675522,True,False,False,True,2,Medium
3404034,False,True,False,False,1,Low
3404031,False,True,False,False,1,Low
1675527,True,True,False,True,3,High
3404035,False,True,False,False,1,Low
1675530,True,False,False,True,2,Medium
1675531,True,False,False,False,1,Low
3404042,False,True,False,False,1,Low
1675533,True,False,False,True,2,Medium
1675534,True,False,False,True,2,Medium
1675536,True,False,False,True,2,Medium
1675537,False,True,False,True,2,Medium
1675538,True,False,False,True,2,Medium
1675539,False,False,False,True,1,Low
1675543,True,False,False,True,2,Medium
1675550,False,True,False,True,2,Medium
1675553,False,True,False,True,2,Medium
1675557,False,True,False,False,1,Low
1675560,False,True,False,True,2,Medium
1675562,True,True,False,True,3,High
1675563,False,True,False,True,2,Medium
1675564,False,False,True,True,2,Medium
1675565,True,True,True,True,4,High
1675567,True,True,False,True,3,High
1675569,False,False,True,False,1,Low
1675572,True,False,False,False,1,Low
1675575,False,True,False,False,1,Low
1675576,False,True,False,False,1,Low
1675578,True,False,False,False,1,Low
1675579,False,True,False,True,2,Medium
1675580,True,False,False,True,2,Medium
1675581,False,True,False,False,1,Low
1675583,True,False,False,True,2,Medium
1675584,True,False,False,True,2,Medium
1675588,True,True,False,True,3,High
1675589,True,False,False,True,2,Medium
1675592,True,False,False,True,2,Medium
1675593,True,False,False,True,2,Medium
1675594,True,False,False,True,2,Medium
1675595,True,True,True,True,4,High
3101001,False,True,False,False,1,Low
3101002,False,True,False,False,1,Low
3101003,False,True,False,False,1,Low
3101005,False,True,False,False,1,Low
3314001,True,True,False,True,3,High
3314002,True,True,False,True,3,High
1675603,True,False,False,True,2,Medium
3314003,True,True,False,True,3,High
3314004,True,True,False,True,3,High
3314005,True,False,False,True,2,Medium
3314006,True,True,False,True,3,High
1675608,True,False,True,True,3,High
3314009,True,True,False,True,3,High
3314007,True,True,False,True,3,High
3314008,True,True,False,True,3,High
1675612,True,True,False,True,3,High
1675609,False,False,False,True,1,Low
1675614,True,False,False,True,2,Medium
1675616,False,False,False,True,1,Low
2716003,True,False,False,True,2,Medium
1905024,True,False,False,True,2,Medium
3609011,True,False,False,True,2,Medium
2036167,True,False,False,False,1,Low
2036174,True,False,False,True,2,Medium
2413016,False,False,True,False,1,Low
1585651,True,False,False,True,2,Medium
1585653,True,True,False,True,3,High
1585656,True,True,False,True,3,High
1585657,True,True,False,True,3,High
1585660,True,True,False,True,3,High
1585662,True,True,False,True,3,High
1585663,True,False,False,False,1,Low
1585665,False,True,False,False,1,Low
1585666,True,False,False,True,2,Medium
1585667,True,True,False,True,3,High
1585669,True,True,False,True,3,High
1585670,False,True,False,False,1,Low
1585671,True,False,False,False,1,Low
1585672,True,False,False,True,2,Medium
1585673,True,True,False,True,3,High
1585674,True,False,False,True,2,Medium
1585676,False,True,False,False,1,Low
1585677,False,True,False,False,1,Low
4502028,False,False,True,True,2,Medium
3306001,True,True,False,True,3,High
3306002,True,False,False,True,2,Medium
1585683,True,True,False,True,3,High
1585684,True,True,False,True,3,High
1585685,True,True,False,True,3,High
1585686,True,True,False,True,3,High
3306005,True,True,False,True,3,High
3306008,True,False,False,False,1,Low
3306009,True,True,False,True,3,High
3306015,False,True,False,False,1,Low
3306017,False,True,False,False,1,Low
3306018,True,False,False,False,1,Low
1585700,True,True,False,False,2,Medium
1585702,True,True,False,False,2,Medium
1585703,True,True,False,True,3,High
1585704,True,True,False,True,3,High
1585706,True,True,False,True,3,High
1585707,False,True,False,False,1,Low
1585708,True,True,False,True,3,High
1585709,True,True,False,True,3,High
1585710,True,True,False,True,3,High
1585711,True,True,False,True,3,High
2323025,False,True,False,False,1,Low
1585761,False,True,False,False,1,Low
1585762,True,True,False,True,3,High
1585764,True,True,False,True,3,High
1585767,False,True,False,False,1,Low
1585770,False,True,False,False,1,Low
3003013,False,True,False,False,1,Low
3003014,False,True,False,False,1,Low
3003020,False,True,False,False,1,Low
2405013,False,False,True,False,1,Low
2405026,False,False,True,False,1,Low
2405028,False,False,True,False,1,Low
1807017,False,True,False,False,1,Low
4109001,False,False,True,False,1,Low
4109007,False,True,False,False,1,Low
4109020,False,False,True,False,1,Low
3511007,True,False,False,False,1,Low
3511008,True,False,False,False,1,Low
4109034,False,False,True,False,1,Low
3724023,False,True,False,False,1,Low
3724025,False,True,False,True,2,Medium
2913018,False,False,True,False,1,Low
3724028,False,True,False,False,1,Low
3724029,False,True,False,False,1,Low
3724034,False,True,False,False,1,Low
3724035,True,True,False,True,3,High
1504004,True,False,False,False,1,Low
1504003,False,False,True,False,1,Low
3724041,False,True,False,False,1,Low
3724046,False,True,False,True,2,Medium
3724048,False,True,False,False,1,Low
1504021,False,False,True,False,1,Low
1504029,False,False,True,False,1,Low
1504030,False,False,True,False,1,Low
2356016,False,True,False,False,1,Low
2356028,False,True,False,False,1,Low
4101001,True,False,False,True,2,Medium
4101007,False,False,False,True,1,Low
3716005,False,True,False,False,1,Low
1881008,False,True,False,False,1,Low
1881012,True,False,False,True,2,Medium
1881021,True,False,False,False,1,Low
1881038,False,False,True,False,1,Low
1881039,True,False,False,False,1,Low
1881042,True,False,False,False,1,Low
1881043,True,False,False,True,2,Medium
1881044,True,False,False,True,2,Medium
1881045,True,False,False,False,1,Low
1881046,True,False,False,True,2,Medium
1881047,True,False,True,True,3,High
1881048,True,False,False,True,2,Medium
1881050,True,False,False,True,2,Medium
2520032,False,True,False,False,1,Low
1881064,True,False,False,False,1,Low
1881068,True,False,False,False,1,Low
2909023,False,True,False,False,1,Low
1881082,True,False,False,False,1,Low
1881083,True,False,False,True,2,Medium
2909024,False,True,False,False,1,Low
4609021,False,True,False,False,1,Low
1881086,False,True,False,False,1,Low
1881087,True,False,False,False,1,Low
4609023,False,False,True,False,1,Low
4609032,False,False,True,False,1,Low
4011017,False,True,False,False,1,Low
4011018,False,True,False,False,1,Low
2389004,False,True,False,False,1,Low
1537036,False,False,True,False,1,Low
1537039,False,False,True,False,1,Low
2389010,False,True,False,False,1,Low
2389012,False,True,False,False,1,Low
1537044,False,False,True,False,1,Low
2389014,False,True,False,False,1,Low
1537046,False,False,True,True,2,Medium
2389016,False,True,False,False,1,Low
2909030,False,True,False,False,1,Low
2909041,False,True,False,True,2,Medium
3110002,False,True,False,False,1,Low
3110003,False,True,False,True,2,Medium
3110010,False,True,False,False,1,Low
2512018,False,False,False,True,1,Low
2340043,False,True,False,True,2,Medium
3405005,False,True,False,False,1,Low
3405011,False,True,False,False,1,Low
2807001,False,True,False,False,1,Low
2807012,False,True,False,False,1,Low
2807013,False,True,False,False,1,Low
2807018,True,False,False,True,2,Medium
3020018,False,True,False,False,1,Low
3020019,False,True,False,False,1,Low
3020046,False,True,False,False,1,Low
3102006,False,True,False,True,2,Medium
3102007,False,True,False,False,1,Low
1676602,False,True,False,True,2,Medium
1676611,True,False,False,True,2,Medium
1676616,True,False,False,False,1,Low
1676617,True,False,False,False,1,Low
1676619,True,False,False,False,1,Low
1676623,False,True,False,False,1,Low
2717012,False,True,False,False,1,Low
1906007,False,True,False,False,1,Low
1676632,False,True,False,True,2,Medium
1906011,False,False,True,False,1,Low
1676645,False,True,False,False,1,Low
1676647,False,True,False,False,1,Low
1676650,False,True,False,False,1,Low
1676662,True,False,False,True,2,Medium
1676675,True,False,False,True,2,Medium
1676678,False,True,False,False,1,Low
1676679,True,True,False,True,3,High
4208006,False,True,False,False,1,Low
1676681,True,True,False,True,3,High
1676685,True,False,False,False,1,Low
1676688,True,True,False,False,2,Medium
3610002,False,True,False,False,1,Low
3610003,False,True,False,False,1,Low
1676692,True,False,False,False,1,Low
3610004,False,True,False,True,2,Medium
1676694,True,False,False,False,1,Low
3610005,False,True,False,False,1,Low
1676697,True,False,False,False,1,Low
1676698,True,False,False,False,1,Low
1676699,True,False,False,False,1,Low
3610015,False,True,False,False,1,Low
3610016,False,True,False,True,2,Medium
1676705,True,True,False,True,3,High
4208033,False,True,False,False,1,Low
3610019,False,True,False,False,1,Low
1988004,True,False,False,False,1,Low
4208037,False,True,False,False,1,Low
1988013,False,False,True,False,1,Low
1988014,False,False,True,False,1,Low
1988016,False,False,True,True,2,Medium
1988018,False,False,True,False,1,Low
1988020,False,False,True,False,1,Low
1988026,True,False,False,False,1,Low
3610047,False,True,False,False,1,Low
4503008,False,False,False,True,1,Low
4118002,False,False,True,False,1,Low
3307001,True,True,False,True,3,High
3307002,True,False,False,False,1,Low
3307004,True,False,False,False,1,Low
3307005,True,True,False,False,2,Medium
3307006,False,True,False,False,1,Low
4118012,False,False,True,False,1,Low
3520001,True,False,False,False,1,Low
3520002,True,False,False,True,2,Medium
3307011,True,True,False,True,3,High
3520005,True,False,False,False,1,Low
4118022,False,False,True,False,1,Low
2111020,True,False,False,False,1,Low
2324016,False,True,False,False,1,Low
2111028,True,False,False,False,1,Low
2152003,True,False,False,False,1,Low
2111046,True,False,False,False,1,Low
3409006,False,False,True,False,1,Low
2111059,True,False,False,False,1,Low
3217001,True,True,False,True,3,High
3217011,True,False,False,True,2,Medium
3217014,True,False,False,True,2,Medium
3217015,False,True,False,False,1,Low
1595001,True,False,False,False,1,Low
1423004,False,True,False,False,1,Low
4110004,False,False,True,False,1,Low
4110006,False,False,True,False,1,Low
4110008,False,False,True,False,1,Low
4110021,False,False,True,True,2,Medium
4110024,False,False,True,False,1,Low
4110027,False,False,True,False,1,Low
4110029,False,False,True,False,1,Low
4110035,False,False,True,False,1,Low
1890007,False,False,False,True,1,Low
2701015,False,False,False,True,1,Low
1890015,False,False,False,True,1,Low
1890016,True,False,False,True,2,Medium
1890030,True,False,False,False,1,Low
1890032,True,False,False,False,1,Low
1890033,True,False,False,False,1,Low
1890038,True,False,False,False,1,Low
1890043,True,False,False,True,2,Medium
2357005,False,True,False,False,1,Low
2357014,False,True,False,False,1,Low
4405030,False,False,False,True,1,Low
3209017,False,False,True,False,1,Low
2357052,False,True,False,False,1,Low
4102013,False,False,True,False,1,Low
4315013,False,True,False,False,1,Low
3717012,False,True,False,True,2,Medium
4315030,False,True,False,False,1,Low
3717027,False,True,False,False,1,Low
3717034,False,True,False,True,2,Medium
3717035,False,False,False,True,1,Low
3717039,False,False,True,False,1,Low
3717045,False,True,False,True,2,Medium
3717046,False,True,False,False,1,Low
3717048,False,True,False,True,2,Medium
3717050,False,False,True,False,1,Low
3717053,False,True,False,False,1,Low
2603001,True,False,False,True,2,Medium
3201018,False,True,False,False,1,Low
3414015,False,True,False,False,1,Low
2603030,True,False,False,False,1,Low
2603035,False,True,False,False,1,Low
2603045,True,False,False,True,2,Medium
2603049,True,True,False,True,3,High
1407033,False,False,True,False,1,Low
1407042,False,False,True,True,2,Medium
4307027,False,True,False,False,1,Low
2341001,False,True,False,False,1,Low
4602002,False,False,True,False,1,Low
4602003,False,False,True,False,1,Low
4602006,False,True,False,False,1,Low
4602010,False,False,True,False,1,Low
1743011,True,False,False,False,1,Low
1743012,True,False,False,False,1,Low
4602024,False,False,True,False,1,Low
4602030,False,False,True,False,1,Low
2382001,False,True,False,False,1,Low
4004020,False,False,False,True,1,Low
2382005,False,True,False,False,1,Low
2382006,False,True,False,True,2,Medium
3406005,False,True,False,False,1,Low
4602043,False,False,True,False,1,Low
2382013,True,True,False,True,3,High
4004031,False,True,False,False,1,Low
2382016,False,True,False,False,1,Low
2382017,False,True,False,False,1,Low
2382018,False,True,False,False,1,Low
2382019,False,True,False,False,1,Low
2382020,True,True,False,True,3,High
2382022,True,False,False,False,1,Low
2382024,False,True,False,False,1,Low
2382031,True,False,False,False,1,Low
1784018,False,True,False,False,1,Low
1784019,False,True,False,False,1,Low
1784020,False,True,False,False,1,Low
2382041,False,True,False,False,1,Low
3103010,False,True,False,False,1,Low
3316006,True,True,False,True,3,High
1481001,False,True,False,True,2,Medium
3316009,True,True,False,True,3,High
3316011,True,False,False,False,1,Low
3316012,True,False,False,True,2,Medium
3316013,True,False,False,True,2,Medium
3316014,True,False,False,True,2,Medium
3316015,True,False,False,True,2,Medium
1481003,False,True,False,False,1,Low
1481009,True,False,False,False,1,Low
1481010,True,False,False,False,1,Low
1481005,False,True,False,False,1,Low
1481007,False,True,False,True,2,Medium
3103025,False,True,False,False,1,Low
2718006,False,False,False,True,1,Low
1481016,False,True,False,False,1,Low
1907001,True,False,False,True,2,Medium
1481017,False,False,True,True,2,Medium
2718008,False,False,False,True,1,Low
2718009,False,False,False,True,1,Low
2718011,False,False,False,True,1,Low
1481022,False,False,True,False,1,Low
1481023,False,True,False,False,1,Low
2718012,False,False,False,True,1,Low
2718014,False,False,False,True,1,Low
1481026,False,True,True,True,3,High
2718016,False,False,False,True,1,Low
2718017,False,False,False,True,1,Low
1481029,False,True,False,False,1,Low
1481030,False,True,False,True,2,Medium
1481031,False,True,False,False,1,Low
1481032,False,True,False,False,1,Low
2718024,False,False,False,True,1,Low
2718025,False,False,False,True,1,Low
2718026,False,False,False,True,1,Low
2718028,False,False,False,True,1,Low
2718029,False,False,False,True,1,Low
1481039,False,True,False,False,1,Low
1481040,False,True,False,True,2,Medium
1481041,True,False,False,False,1,Low
2718033,False,False,False,True,1,Low
1481049,False,True,False,False,1,Low
1481055,False,True,False,True,2,Medium
1481058,False,True,False,False,1,Low
1481059,False,True,True,True,3,High
4209002,True,False,False,True,2,Medium
4209003,True,False,False,True,2,Medium
3611002,False,True,False,True,2,Medium
4209021,False,False,True,True,2,Medium
1882502,False,True,False,False,1,Low
3611015,False,True,False,False,1,Low
1677704,True,False,False,True,2,Medium
1882506,False,True,False,False,1,Low
1677707,True,False,False,True,2,Medium
1882507,True,False,False,True,2,Medium
1677709,True,True,False,True,3,High
1882508,False,True,False,False,1,Low
1677715,True,False,False,True,2,Medium
1882517,False,True,False,False,1,Low
1677718,True,False,False,True,2,Medium
1677724,True,True,False,True,3,High
1677725,True,False,False,True,2,Medium
2415006,False,False,True,False,1,Low
1677728,True,True,False,True,3,High
1677730,True,True,False,True,3,High
1677734,True,True,False,False,2,Medium
1677742,False,True,False,False,1,Low
1677744,True,False,False,False,1,Low
1677747,False,True,False,False,1,Low
1677750,True,False,False,True,2,Medium
1677752,True,True,False,True,3,High
1677753,True,False,False,True,2,Medium
1677756,True,True,False,True,3,High
1677757,False,True,False,False,1,Low
1677759,True,False,False,True,2,Medium
1882561,False,True,False,True,2,Medium
1677762,True,True,False,True,3,High
1677766,True,False,False,True,2,Medium
1882566,False,True,False,False,1,Low
1677768,True,False,False,True,2,Medium
1677769,True,True,False,False,2,Medium
1882567,False,True,False,False,1,Low
1677772,False,True,False,False,1,Low
1677776,True,True,False,True,3,High
1677778,True,False,False,True,2,Medium
1677780,True,False,False,False,1,Low
1677781,True,False,False,False,1,Low
1677788,True,False,False,True,2,Medium
1677789,True,True,False,False,2,Medium
4504029,False,False,True,True,2,Medium
1677792,True,False,False,True,2,Medium
1677796,True,False,False,True,2,Medium
1677797,True,True,False,True,3,High
1677800,True,False,False,True,2,Medium
1677801,True,False,False,True,2,Medium
4504040,False,True,False,True,2,Medium
1677803,True,False,False,False,1,Low
1677804,True,True,False,True,3,High
1677806,True,True,False,True,3,High
1677807,True,False,False,True,2,Medium
1677808,True,True,False,True,3,High
1677810,True,False,False,True,2,Medium
1677811,True,False,False,True,2,Medium
1677813,True,False,False,False,1,Low
1677814,True,False,False,True,2,Medium
1677815,True,True,False,True,3,High
1677817,True,True,False,True,3,High
1677818,True,False,False,True,2,Medium
1677819,True,False,False,True,2,Medium
1677821,True,False,False,False,1,Low
1677822,True,True,False,True,3,High
1677824,True,False,False,False,1,Low
1677825,True,True,False,True,3,High
1677827,True,False,False,False,1,Low
1677828,True,False,False,True,2,Medium
1677829,True,False,False,True,2,Medium
2710041,True,False,False,False,1,Low
2710042,True,False,False,True,2,Medium
1981002,False,True,False,False,1,Low
1981008,False,True,False,False,1,Low
3005011,True,False,False,True,2,Medium
1981011,False,True,False,False,1,Low
3005013,True,False,False,True,2,Medium
3005014,True,False,False,True,2,Medium
1981012,False,True,False,False,1,Low
2407001,True,False,False,True,2,Medium
1981022,False,True,False,False,1,Low
2407006,False,False,True,False,1,Low
1981025,False,True,False,False,1,Low
1596002,True,False,False,True,2,Medium
1596003,True,True,False,True,3,High
1981026,False,True,False,False,1,Low
2407013,False,False,True,False,1,Low
1596006,True,False,False,True,2,Medium
2407016,False,False,True,True,2,Medium
1596009,False,True,False,False,1,Low
1981035,True,True,False,False,2,Medium
1981036,True,False,False,False,1,Low
1596015,True,False,False,False,1,Low
1596016,True,False,False,True,2,Medium
1596017,True,True,False,True,3,High
1596018,True,False,False,True,2,Medium
1596019,True,True,False,True,3,High
1596020,True,True,False,True,3,High
1596021,True,False,False,True,2,Medium
1596022,True,True,False,True,3,High
1981042,True,False,False,False,1,Low
1981041,True,False,False,False,1,Low
1596025,True,False,False,False,1,Low
1596029,True,False,False,True,2,Medium
1596031,False,False,True,False,1,Low
2235008,False,True,False,False,1,Low
1596035,True,True,False,True,3,High
1596036,True,True,False,True,3,High
1596037,False,False,False,True,1,Low
1596039,False,True,False,False,1,Low
2235025,False,True,False,False,1,Low
1424021,False,True,False,False,1,Low
4111001,False,True,False,False,1,Low
3513002,False,True,False,False,1,Low
1465004,False,False,True,False,1,Low
1465010,False,False,True,False,1,Low
3513011,False,True,False,False,1,Low
1465012,False,False,True,False,1,Low
1465015,False,False,True,False,1,Low
1465017,False,False,True,True,2,Medium
2702013,False,True,False,False,1,Low
3513021,False,True,False,False,1,Low
3513024,True,False,False,False,1,Low
4111043,False,True,False,False,1,Low
3513028,False,True,False,False,1,Low
4111050,False,True,False,False,1,Low
2915022,False,False,True,False,1,Low
2358003,False,True,False,False,1,Low
2358007,False,True,False,False,1,Low
2358009,False,True,False,False,1,Low
2358010,False,True,False,False,1,Low
2358012,False,True,False,True,2,Medium
2358016,False,True,False,False,1,Low
2358029,False,True,False,False,1,Low
3210020,True,False,False,True,2,Medium
4103003,False,True,True,True,3,High
4103005,False,False,True,False,1,Low
4103006,False,False,True,False,1,Low
4103008,False,False,True,False,1,Low
4103009,False,False,True,False,1,Low
4103010,False,False,True,False,1,Low
4103011,False,False,True,False,1,Low
4103014,False,False,True,False,1,Low
4103023,False,True,True,False,2,Medium
4103031,False,False,True,False,1,Low
4103032,False,False,True,True,2,Medium
4103033,False,True,False,True,2,Medium
4103035,False,False,True,False,1,Low
4103036,False,False,True,False,1,Low
2907006,False,False,True,False,1,Low
2907008,False,False,True,False,1,Low
2907012,False,False,True,False,1,Low
3505029,False,True,False,False,1,Low
2907017,False,False,True,False,1,Low
2907018,False,False,True,False,1,Low
2907021,False,False,True,False,1,Low
2907025,False,False,True,False,1,Low
2907026,False,False,True,False,1,Low
2907031,False,True,False,False,1,Low
3302191,False,True,False,True,2,Medium
1539003,True,True,False,True,3,High
4611009,False,False,True,False,1,Low
1539013,True,True,False,True,3,High
2350026,False,True,False,False,1,Low
2350028,False,True,False,False,1,Low
1539024,False,True,False,False,1,Low
1539027,True,False,False,True,2,Medium
1539053,False,True,False,False,1,Low
1539054,False,True,False,False,1,Low
3415034,False,True,False,False,1,Low
3415039,False,True,False,False,1,Low
3030021,False,True,False,False,1,Low
1408011,False,False,True,False,1,Low
1408034,False,False,True,False,1,Low
3710001,True,False,False,False,1,Low
3710002,False,False,True,False,1,Low
3710020,False,True,False,False,1,Low
4308037,False,True,False,False,1,Low
3710024,False,False,True,True,2,Medium
3710025,False,False,True,False,1,Low
1490007,False,True,False,True,2,Medium
1490008,False,False,False,True,1,Low
1490016,False,False,True,False,1,Low
1926005,False,False,True,False,1,Low
3112042,False,True,False,False,1,Low
1490027,False,False,False,True,1,Low
3112046,False,True,False,False,1,Low
1490039,False,False,False,True,1,Low
1926009,False,False,True,False,1,Low
1926011,False,False,True,False,1,Low
4603019,False,False,True,False,1,Low
4603028,False,False,True,False,1,Low
1926015,False,False,True,False,1,Low
2383002,True,False,False,False,1,Low
4603037,False,False,True,False,1,Low
2383009,False,True,False,False,1,Low
4005026,False,True,False,False,1,Low
1926018,False,False,True,False,1,Low
3407017,False,True,True,True,3,High
4005040,False,True,False,False,1,Low
1926020,False,False,True,True,2,Medium
2383027,True,True,False,False,2,Medium
2383032,False,True,False,False,1,Low
2383034,False,True,False,False,1,Low
2383035,True,False,False,False,1,Low
2383037,True,True,False,True,3,High
2383038,False,True,False,False,1,Low
2383042,True,False,False,False,1,Low
3022020,True,False,False,True,2,Medium
2383045,True,True,False,True,3,High
2383044,False,True,False,False,1,Low
2383049,False,True,False,False,1,Low
2383052,False,True,False,False,1,Low
2383055,True,True,False,True,3,High
2383056,False,False,True,True,2,Medium
2383058,True,True,False,True,3,High
2383062,True,False,False,False,1,Low
2383065,True,False,False,False,1,Low
1926028,False,False,False,True,1,Low
3702005,True,True,False,True,3,High
3702006,False,True,False,False,1,Low
3702010,True,True,False,True,3,High
3702012,True,True,False,True,3,High
3104003,False,True,False,False,1,Low
3317001,True,False,False,False,1,Low
3104009,False,True,False,False,1,Low
2719001,True,False,False,False,1,Low
2719004,False,False,False,True,1,Low
1908001,True,False,False,True,2,Medium
1908002,True,False,False,False,1,Low
2719017,True,False,False,False,1,Low
4210009,False,True,False,False,1,Low
3612001,False,True,False,True,2,Medium
2162019,False,True,False,False,1,Low
3612011,False,True,False,True,2,Medium
2801004,False,True,False,False,1,Low
3612019,True,False,False,True,2,Medium
3014004,True,False,False,True,2,Medium
3014005,True,False,False,True,2,Medium
3612021,False,True,False,False,1,Low
1990003,False,False,True,False,1,Low
3014008,False,True,False,False,1,Low
3014009,True,False,False,True,2,Medium
1990010,False,False,True,False,1,Low
1990007,False,False,True,False,1,Low
3014013,True,False,False,False,1,Low
3014014,True,False,False,True,2,Medium
3014015,True,False,False,True,2,Medium
3014017,True,False,False,True,2,Medium
3014018,True,False,False,False,1,Low
2801028,False,True,False,False,1,Low
3612040,False,True,False,True,2,Medium
3612042,False,False,False,True,1,Low
3612051,False,True,False,False,1,Low
3612057,False,True,False,False,1,Low
3612058,False,True,False,False,1,Low
4505003,False,True,False,False,1,Low
4505005,True,False,False,False,1,Low
3907002,False,True,False,False,1,Low
4505021,False,True,False,False,1,Low
1678801,True,False,False,False,1,Low
1678806,True,False,False,False,1,Low
1678809,True,False,False,True,2,Medium
1678810,False,False,False,True,1,Low
1678811,True,False,False,True,2,Medium
1678812,True,False,False,True,2,Medium
1678813,True,False,False,True,2,Medium
3522011,False,False,True,True,2,Medium
3522012,False,False,True,False,1,Low
1678824,False,True,False,False,1,Low
1678834,False,True,False,False,1,Low
1678836,True,False,False,True,2,Medium
1678838,False,True,False,True,2,Medium
1678840,True,False,False,True,2,Medium
1678844,False,False,False,True,1,Low
1678846,True,False,False,True,2,Medium
1678850,True,False,False,False,1,Low
1678851,False,True,False,False,1,Low
1678853,False,False,False,True,1,Low
1678854,True,False,False,True,2,Medium
1678855,False,False,False,True,1,Low
1678857,True,False,False,True,2,Medium
1678858,True,False,False,True,2,Medium
1678859,True,True,False,True,3,High
1678863,True,True,False,True,3,High
1678864,True,False,False,True,2,Medium
1678867,True,False,False,False,1,Low
1678873,True,True,False,False,2,Medium
1678876,True,False,False,False,1,Low
1678882,False,True,False,False,1,Low
1678883,True,False,False,False,1,Low
1678884,True,False,False,False,1,Low
4202022,False,False,True,False,1,Low
1678890,True,False,False,True,2,Medium
1678895,True,False,False,True,2,Medium
1678896,True,False,False,False,1,Low
1678898,True,False,False,False,1,Low
1678900,True,False,False,False,1,Low
1678902,False,True,False,False,1,Low
1678911,True,False,False,True,2,Medium
3219009,False,True,False,False,1,Low
1597003,False,False,True,False,1,Low
1597010,False,False,True,False,1,Low
1425022,False,True,False,True,2,Medium
1425027,False,True,True,True,3,High
4112007,False,False,True,False,1,Low
2236043,True,False,False,True,2,Medium
1425035,False,True,False,False,1,Low
2236045,True,False,False,True,2,Medium
3301011,False,True,False,True,2,Medium
3301012,True,False,False,True,2,Medium
3301019,True,True,False,True,3,High
3301021,True,True,False,True,3,High
3301022,True,True,False,True,3,High
3301023,True,False,False,False,1,Low
3727010,True,False,False,True,2,Medium
3301029,False,True,False,False,1,Low
3301030,False,True,False,False,1,Low
3727015,True,False,False,True,2,Medium
1892006,False,False,True,False,1,Low
3301034,True,True,False,True,3,High
3727018,False,True,False,True,2,Medium
3727019,False,True,False,False,1,Low
2236077,True,False,False,True,2,Medium
3301037,False,True,False,False,1,Low
3727024,False,True,False,False,1,Low
3727025,False,True,False,False,1,Low
2236082,True,False,False,True,2,Medium
3727028,False,True,False,False,1,Low
3727029,False,True,False,False,1,Low
3727031,False,True,False,False,1,Low
3727032,False,True,False,False,1,Low
3727033,False,True,False,True,2,Medium
3727034,False,True,False,False,1,Low
2236091,True,False,False,True,2,Medium
3727036,False,True,False,False,1,Low
2236093,True,False,False,True,2,Medium
3727037,False,True,False,False,1,Low
3727039,False,True,False,True,2,Medium
3727042,False,True,False,True,2,Medium
3727043,False,True,False,True,2,Medium
3727044,True,False,False,True,2,Medium
3727049,False,True,False,True,2,Medium
3727050,True,False,False,False,1,Low
3727051,True,False,False,False,1,Low
3727052,True,False,False,False,1,Low
2236113,False,False,False,True,1,Low
2359002,False,True,False,False,1,Low
4407008,False,True,False,False,1,Low
4407013,False,True,False,False,1,Low
2359015,False,True,False,False,1,Low
2359016,False,True,False,False,1,Low
2359017,False,True,False,False,1,Low
2359032,False,True,False,False,1,Low
3211001,True,False,False,True,2,Medium
2359035,False,False,False,True,1,Low
4407039,False,True,False,False,1,Low
3211010,False,True,False,False,1,Low
4407043,True,True,False,True,3,High
4407042,False,True,False,False,1,Low
4022021,False,True,False,False,1,Low
3211015,True,False,False,False,1,Low
2359048,False,True,False,False,1,Low
2613004,False,False,False,True,1,Low
3211022,True,False,False,False,1,Low
3211030,False,True,False,False,1,Low
2236234,True,False,False,False,1,Low
3719001,False,True,False,False,1,Low
3719010,False,True,False,False,1,Low
3719017,False,True,False,False,1,Low
3719018,False,True,False,False,1,Low
3719019,False,True,False,False,1,Low
3719020,False,True,False,False,1,Low
4317035,False,True,False,False,1,Low
2908012,False,False,True,False,1,Low
3719023,True,True,False,False,2,Medium
3719026,False,True,False,False,1,Low
3719034,False,True,False,False,1,Low
3719035,True,True,False,True,3,High
3719036,False,True,False,False,1,Low
3719037,False,True,False,True,2,Medium
3719038,False,True,False,False,1,Low
3719040,True,True,False,False,2,Medium
3719041,False,True,False,False,1,Low
3719043,True,True,False,True,3,High
3719044,False,True,False,False,1,Low
3719046,False,True,False,True,2,Medium
3719047,True,True,False,True,3,High
4317082,True,False,False,False,1,Low
1540002,False,True,False,False,1,Low
1540022,False,True,False,False,1,Low
1671106,True,False,False,True,2,Medium
1671109,True,True,False,True,3,High
1671113,True,False,False,False,1,Low
1581006,True,False,False,False,1,Low
1671119,False,False,False,True,1,Low
1671123,False,True,False,True,2,Medium
1671124,True,False,False,True,2,Medium
1671126,True,True,False,True,3,High
1671129,True,False,False,True,2,Medium
1671131,True,True,False,True,3,High
1671132,False,True,False,True,2,Medium
3416027,False,True,False,False,1,Low
1671136,True,False,False,False,1,Low
1671137,True,False,False,True,2,Medium
1671140,False,True,False,False,1,Low
1671141,True,True,False,True,3,High
1671142,False,True,False,True,2,Medium
1671143,True,True,False,True,3,High
1671144,False,True,False,True,2,Medium
1671145,True,True,False,True,3,High
1671146,True,True,False,True,3,High
3031017,True,False,False,True,2,Medium
1671149,True,True,False,True,3,High
3031022,True,False,False,True,2,Medium
1671151,True,False,False,False,1,Low
1671152,True,True,False,True,3,High
3031025,False,True,False,True,2,Medium
1671154,True,False,False,True,2,Medium
1671155,True,False,True,True,3,High
1671156,True,True,True,True,4,High
1671157,True,True,False,True,3,High
3031028,True,False,False,False,1,Low
1671158,False,True,False,False,1,Low
1671160,True,False,False,False,1,Low
1671161,True,True,False,True,3,High
1409018,False,False,True,False,1,Low
1671166,False,False,False,True,1,Low
1671167,False,False,False,True,1,Low
