shopNo,district_code,district_name,months_present,transaction_months,total_transactions,total_ration_cards,total_rice_afsc,total_rice_fsc,total_rice_aap,total_wheat,total_sugar,total_transaction_amount,avg_monthly_transactions,avg_monthly_ration_cards,fps_status,fps_type,address,latitude,longitude,total_rice,transactions_per_ration_card,transactions_per_transaction_month
3717034,934.0,Sangareddy,2,2,43.0,1467.0,105.0,645.0,0.0,0.0,0.0,0.0,21.5,733.5,,,,,,750.0,0.02931152010906612,21.5
2718029,924.0,Jagityal,2,2,83.0,180.0,245.0,1235.0,0.0,0.0,0.0,0.0,41.5,90.0,,,,,,1480.0,0.46111111111111114,41.5
3114039,928.0,Mahabubabad,30,17,136.0,4261.0,944.0,2042.0,0.0,0.0,0.0,0.0,8.0,142.03333333333333,Active,Normal Shop,NARESH V  RAJULAKOTHAPALLE,17.612249,79.809017,2986.0,0.0319173902839709,8.0
3708028,934.0,Sangareddy,2,2,191.0,268.0,210.0,3660.0,0.0,0.0,0.0,0.0,95.5,134.0,,,,,,3870.0,0.7126865671641791,95.5
3717045,934.0,Sangareddy,2,2,196.0,460.0,1015.0,3270.0,0.0,0.0,0.0,0.0,98.0,230.0,,,,,,4285.0,0.4260869565217391,98.0
3402006,931.0,Nagarkarnool,30,6,197.0,8189.0,380.0,3375.0,0.0,0.0,0.0,0.0,32.833333333333336,272.96666666666664,Active,Normal Shop,Mantati Madhu  AMRABAD,,,3755.0,0.024056661375015265,32.833333333333336
1490027,538.0,Mahbubnagar,2,2,199.0,288.0,2765.0,2145.0,0.0,0.0,50.0,675.0,99.5,144.0,,,,,,4910.0,0.6909722222222222,99.5
3708022,934.0,Sangareddy,2,2,239.0,266.0,70.0,4445.0,0.0,0.0,0.0,0.0,119.5,133.0,,,,,,4515.0,0.8984962406015038,119.5
3708027,934.0,Sangareddy,2,2,247.0,332.0,280.0,4480.0,0.0,0.0,0.0,0.0,123.5,166.0,,,,,,4760.0,0.7439759036144579,123.5
3708018,934.0,Sangareddy,2,2,277.0,376.0,1085.0,4420.0,0.0,0.0,0.0,0.0,138.5,188.0,,,,,,5505.0,0.7367021276595744,138.5
