district_code,district_name,shops,avg_transactions_per_month,median_transactions_per_month,avg_transactions_per_card,avg_rice_per_transaction,transaction_activity_zscore
532.0,Adilabad,356,490.17236695888386,447.78571428571433,0.8437706023342847,21.560440508995484,0.4467705205519111
533.0,Nizamabad,823,477.28473287715394,461.25,0.8425360865018632,20.319197527756508,0.3456952634497908
534.0,Karimnagar,566,446.77489984822137,399.4107142857143,0.8303285304819921,18.77884087984659,0.10641245964068519
535.0,Medak,521,342.7846860433233,330.85714285714283,0.7700048161143549,20.682316557575078,-0.7091629617111023
536.0,Hyderabad,653,913.3973966309342,883.7857142857143,0.8766337320152267,22.749122327294778,3.766043741289795
537.0,Ranga Reddy,936,579.3474623691637,441.375,0.8554913219912569,21.686702687057267,1.1461537928065089
538.0,Mahbubnagar,526,356.3275280605889,337.67857142857144,0.7055272320409384,22.344845919652965,-0.6029490336846185
539.0,Nalgonda,1017,361.46714475484816,332.5357142857143,0.7118622098893299,19.599346675314962,-0.5626399998088777
540.0,Hanumakonda,414,453.04978529253896,424.7857142857143,0.7604210777627122,19.124507270145557,0.1556251898864852
541.0,Khammam,748,449.63784741828215,429.0892857142857,0.7632129671433575,18.318122698697515,0.12886601161761574
921.0,Kumarambheem Asifabad,314,396.95980417978893,396.2559523809524,0.8226164098810821,21.87262512926949,-0.284277838541467
922.0,Jayashankar Bhupalpalli,277,359.866024869635,338.0357142857143,0.7520986122037921,18.954920709178026,-0.575197277818397
923.0,Jogulamba Gadwal,351,401.9734018450685,391.82142857142856,0.7795408430445366,22.22048959148082,-0.24495714788474549
924.0,Jagityal,623,458.303779256829,454.25,0.8302987600153835,18.362320325223237,0.19683126288528655
925.0,Janagaon,335,370.9503514175156,357.4642857142857,0.7167506554253873,19.65963063974953,-0.4882650179073905
926.0,Kamareddy,578,383.9068833415719,363.5178571428571,0.8153228775942473,21.79050346495349,-0.3866494081631359
927.0,Bhadrdri Kothagudem,443,515.2775269626285,475.07142857142856,0.7314181989338178,19.305107300678664,0.6436655042142455
928.0,Mahabubabad,558,298.7289520633529,288.10714285714283,0.6510479676722366,19.45722068674657,-1.0546836841810876
929.0,Manchiryala,423,437.8987923249153,400.42857142857144,0.7828941690518382,19.383444197636326,0.036798840547008986
930.0,Medchal,646,812.8626380159711,766.6428571428571,0.8886415192588618,20.849329076416144,2.9775687962172546
931.0,Nagarkarnool,558,320.86925805675804,303.16071428571433,0.6936034125174408,20.867845286015456,-0.8810414852785367
932.0,Nirmal,412,458.9446081830791,436.3571428571429,0.8398708210003624,19.876815573211278,0.20185716198115145
933.0,Peddapalli,413,442.3558593821115,417.85714285714283,0.7766037483392292,18.63890173893587,0.07175476774594636
934.0,Sangareddy,862,395.4430782545632,350.89285714285717,0.8134262085591332,21.467999362413558,-0.29617323081233937
935.0,Siddipet,724,366.67437435845045,356.2678571428571,0.8028669835997472,19.97966557081107,-0.5218006907754213
936.0,Rajanna Siricilla,345,447.63341959972394,437.92857142857144,0.8237759845966353,18.911512141278216,0.11314566637669789
937.0,Suryapet,610,404.59099043033467,383.30357142857144,0.7081562967288804,18.802962146489325,-0.22442789964837417
938.0,Vikarabad,588,331.50498056365404,300.2321428571429,0.7491688163291442,22.895444289340993,-0.7976275413355363
939.0,Wanaparthy,324,366.40425158403553,331.98214285714283,0.6915605032987608,21.365361728287173,-0.523919212196807
940.0,Warangal,509,416.24251047286407,384.4642857142857,0.7367736094546976,19.12887916530267,-0.13304724929310852
941.0,Yadadri Bhuvanagiri,515,339.7604022191401,328.2857142857143,0.7475431436918182,19.82889142662792,-0.7328818431706906
981.0,Mulugu,222,324.02992277992274,281.6071428571429,0.7311358429013691,19.644989327771384,-0.856252994428974
982.0,Narayanpet,301,374.3968913146654,356.2857142857143,0.7435306769677413,23.56570840083171,-0.46123446256977557
