district_code,district_name,total_shops,total_records,total_transactions,total_ration_cards,total_rice_afsc,total_rice_fsc,total_rice_aap,total_wheat,total_sugar,total_transaction_amount,total_rice,avg_transactions_per_shop
536.0,Hyderabad,655,19627,16700558.0,19195550.0,29694068.0,353263045.0,208226.0,60617998.0,714574.0,434007910.0,383165339.0,25497.03511450382
537.0,Ranga Reddy,936,27865,15028941.0,16820536.0,34462366.0,289788203.0,6340.0,11109461.0,111255.0,79289809.5,324256909.0,16056.560897435897
930.0,Medchal,646,18633,14343454.0,15752501.0,21017308.0,279800303.0,17796.0,21395609.0,182841.0,152242936.5,300835407.0,22203.489164086688
533.0,Nizamabad,823,22816,10240531.0,12069117.0,19766931.0,189488797.0,215572.0,0.0,30.0,11640.0,209471300.0,12442.929526123937
539.0,Nalgonda,1017,29886,10134834.0,14014613.0,26055276.0,172484218.0,11360.0,0.0,83943.0,1140975.5,198550854.0,9965.421828908555
934.0,Sangareddy,862,25378,9417665.0,11363589.0,24591073.0,177651699.0,16520.0,1.0,158.0,12955.0,202259292.0,10925.365429234338
541.0,Khammam,748,22428,9408344.0,12351713.0,24589153.0,148024716.0,510.0,0.0,91699.0,1257151.5,172614379.0,12578.0
924.0,Jagityal,624,17777,7684717.0,9233759.0,13598551.0,128658952.0,29961.0,0.0,664.0,13864.0,142287464.0,12315.251602564103
935.0,Siddipet,725,20572,7092482.0,8754709.0,17117567.0,124681615.0,16002.0,295341.0,52379.0,2777653.5,141815184.0,9782.733793103449
534.0,Karimnagar,566,16962,7076755.0,8347509.0,15180568.0,119056907.0,6040.0,0.0,10066.0,140826.0,134243515.0,12503.100706713782
937.0,Suryapet,610,18300,6902254.0,9732314.0,16729747.0,113255501.0,4845.0,0.0,27308.0,382238.0,129990093.0,11315.17049180328
927.0,Bhadrdri Kothagudem,443,13290,6390931.0,8810800.0,17352792.0,105194691.0,440.0,1.0,70469.0,961313.5,122547923.0,14426.480812641084
926.0,Kamareddy,617,17354,6213149.0,7606312.0,16097791.0,118960148.0,179752.0,0.0,44339.0,611351.5,135237691.0,10069.933549432739
940.0,Warangal,509,15270,5931624.0,8000873.0,12081370.0,101564907.0,1018.0,10000.0,921.0,90518.5,113647295.0,11653.485265225932
938.0,Vikarabad,588,17640,5457898.0,7283569.0,23285907.0,100986889.0,6590.0,0.0,0.0,4445.0,124279386.0,9282.139455782313
932.0,Nirmal,412,12360,5294385.0,6268960.0,12118688.0,92900441.0,6550.0,40000.0,149.0,282501.5,105025679.0,12850.449029126214
540.0,Hanumakonda,418,12536,5247071.0,6849154.0,10206835.0,90487952.0,4120.0,0.0,8094.0,110144.0,100698907.0,12552.801435406698
929.0,Manchiryala,423,12690,5184202.0,6584402.0,14281490.0,85724587.0,29325.0,0.0,31555.0,452417.5,100035402.0,12255.796690307328
933.0,Peddapalli,413,12390,5111936.0,6598436.0,11298640.0,83915910.0,28358.0,0.0,40.0,8660.0,95242908.0,12377.569007263923
538.0,Mahbubnagar,526,15180,5072791.0,7217394.0,16447763.0,96177390.0,36041.0,270656.0,20294.0,2179701.0,112661194.0,9644.089353612168
931.0,Nagarkarnool,558,16740,5011559.0,7169092.0,15769855.0,88553620.0,5120.0,0.0,21445.0,304277.5,104328595.0,8981.28853046595
535.0,Medak,521,15602,4993302.0,6423152.0,12347616.0,90865586.0,13280.0,0.0,1523.0,22415.5,103226482.0,9584.072936660268
941.0,Yadadri Bhuvanagiri,515,15450,4899345.0,6509571.0,12283330.0,85408740.0,0.0,0.0,5261.0,72983.5,97692070.0,9513.291262135923
532.0,Adilabad,386,10680,4885927.0,5755051.0,13483463.0,91652096.0,45689.0,0.0,10386.0,143081.0,105181248.0,12657.841968911916
928.0,Mahabubabad,558,16720,4652885.0,7216543.0,12510084.0,77753083.0,480.0,0.0,29028.0,400978.0,90263647.0,8338.503584229391
936.0,Rajanna Siricilla,345,10350,4323774.0,5219384.0,12906522.0,69367373.0,42812.0,0.0,120887.0,1632429.5,82316707.0,12532.678260869565
923.0,Jogulamba Gadwal,351,10042,3788596.0,4829815.0,9199952.0,74664466.0,20700.0,181316.0,18269.0,1533378.5,83885118.0,10793.720797720798
925.0,Janagaon,335,10050,3479157.0,4838654.0,9202885.0,59121775.0,14852.0,0.0,37591.0,508808.5,68339512.0,10385.54328358209
921.0,Kumarambheem Asifabad,314,9373,3452032.0,4197551.0,12118099.0,62727747.0,3990.0,0.0,2633.0,37365.5,74849836.0,10993.732484076432
939.0,Wanaparthy,332,9721,3323706.0,4728482.0,8565613.0,62139594.0,16778.0,0.0,411.0,6833.5,70721985.0,10011.16265060241
982.0,Narayanpet,301,9014,3152473.0,4236151.0,8213413.0,65993430.0,4386.0,0.0,11230.0,91813.5,74211229.0,10473.332225913622
922.0,Jayashankar Bhupalpalli,277,8310,2790598.0,3710122.0,8332571.0,44353144.0,6871.0,0.0,510.0,19065.0,52692586.0,10074.361010830326
981.0,Mulugu,222,6660,2014170.0,2750324.0,7087338.0,31364947.0,0.0,0.0,107.0,2949.5,38452285.0,9072.837837837838
