district_code,district_name,total_rice,rice_afsc,rice_fsc,rice_aap,wheat,sugar,kerosene,salt,total_transactions,total_ration_cards,rice_per_transaction
532.0,Adilabad,105181248.0,13483463.0,91652096.0,45689.0,0.0,10386.0,82.0,0.0,4885927.0,5755051.0,21.527388354349135
533.0,Nizamabad,209471300.0,19766931.0,189488797.0,215572.0,0.0,30.0,321.0,0.0,10240531.0,12069117.0,20.455120930740797
534.0,Karimnagar,134243515.0,15180568.0,119056907.0,6040.0,0.0,10066.0,141.0,0.0,7076755.0,8347509.0,18.96964286597459
535.0,Medak,103226482.0,12347616.0,90865586.0,13280.0,0.0,1523.0,53.0,0.0,4993302.0,6423152.0,20.672989937320033
536.0,Hyderabad,383165339.0,29694068.0,353263045.0,208226.0,60617998.0,714574.0,1005.0,0.0,16700558.0,19195550.0,22.943265668129172
537.0,Ranga Reddy,324256909.0,34462366.0,289788203.0,6340.0,11109461.0,111255.0,616.0,16.0,15028941.0,16820536.0,21.57549949793535
538.0,Mahbubnagar,112661194.0,16447763.0,96177390.0,36041.0,270656.0,20294.0,73.0,1717.0,5072791.0,7217394.0,22.208916945326546
539.0,Nalgonda,198550854.0,26055276.0,172484218.0,11360.0,0.0,83943.0,194.0,191.0,10134834.0,14014613.0,19.590933013801706
540.0,Hanumakonda,100698907.0,10206835.0,90487952.0,4120.0,0.0,8094.0,25.0,0.0,5247071.0,6849154.0,19.19145119248434
541.0,Khammam,172614379.0,24589153.0,148024716.0,510.0,0.0,91699.0,549.0,0.0,9408344.0,12351713.0,18.346945966261437
921.0,Kumarambheem Asifabad,74849836.0,12118099.0,62727747.0,3990.0,0.0,2633.0,52.0,0.0,3452032.0,4197551.0,21.682833762838815
922.0,Jayashankar Bhupalpalli,52692586.0,8332571.0,44353144.0,6871.0,0.0,510.0,348.0,0.0,2790598.0,3710122.0,18.8821843920192
923.0,Jogulamba Gadwal,83885118.0,9199952.0,74664466.0,20700.0,181316.0,18269.0,501.0,0.0,3788596.0,4829815.0,22.141478795838882
924.0,Jagityal,142287464.0,13598551.0,128658952.0,29961.0,0.0,664.0,140.0,0.0,7684717.0,9233759.0,18.515641369747254
925.0,Janagaon,68339512.0,9202885.0,59121775.0,14852.0,0.0,37591.0,38.0,0.0,3479157.0,4838654.0,19.642549042770995
926.0,Kamareddy,135237691.0,16097791.0,118960148.0,179752.0,0.0,44339.0,365.0,0.0,6213149.0,7606312.0,21.766368551599196
927.0,Bhadrdri Kothagudem,122547923.0,17352792.0,105194691.0,440.0,1.0,70469.0,285.0,0.0,6390931.0,8810800.0,19.175284946747194
928.0,Mahabubabad,90263647.0,12510084.0,77753083.0,480.0,0.0,29028.0,260.0,0.0,4652885.0,7216543.0,19.399500954783967
929.0,Manchiryala,100035402.0,14281490.0,85724587.0,29325.0,0.0,31555.0,755.0,0.0,5184202.0,6584402.0,19.296200649588886
930.0,Medchal,300835407.0,21017308.0,279800303.0,17796.0,21395609.0,182841.0,152.0,0.0,14343454.0,15752501.0,20.973707378989747
931.0,Nagarkarnool,104328595.0,15769855.0,88553620.0,5120.0,0.0,21445.0,422.0,0.0,5011559.0,7169092.0,20.817592888759766
932.0,Nirmal,105025679.0,12118688.0,92900441.0,6550.0,40000.0,149.0,14.0,0.0,5294385.0,6268960.0,19.837182033418422
933.0,Peddapalli,95242908.0,11298640.0,83915910.0,28358.0,0.0,40.0,232.0,0.0,5111936.0,6598436.0,18.63147504194106
934.0,Sangareddy,202259292.0,24591073.0,177651699.0,16520.0,1.0,158.0,309.0,0.0,9417665.0,11363589.0,21.476585969027354
935.0,Siddipet,141815184.0,17117567.0,124681615.0,16002.0,295341.0,52379.0,90.0,0.0,7092482.0,8754709.0,19.995141898139465
936.0,Rajanna Siricilla,82316707.0,12906522.0,69367373.0,42812.0,0.0,120887.0,13.0,0.0,4323774.0,5219384.0,19.038161337757245
937.0,Suryapet,129990093.0,16729747.0,113255501.0,4845.0,0.0,27308.0,388.0,0.0,6902254.0,9732314.0,18.832991802388033
938.0,Vikarabad,124279386.0,23285907.0,100986889.0,6590.0,0.0,0.0,127.0,0.0,5457898.0,7283569.0,22.770558555693054
939.0,Wanaparthy,70721985.0,8565613.0,62139594.0,16778.0,0.0,411.0,31.0,40.0,3323706.0,4728482.0,21.278050766223004
940.0,Warangal,113647295.0,12081370.0,101564907.0,1018.0,10000.0,921.0,231.0,0.0,5931624.0,8000873.0,19.159558158103074
941.0,Yadadri Bhuvanagiri,97692070.0,12283330.0,85408740.0,0.0,0.0,5261.0,56.0,0.0,4899345.0,6509571.0,19.9398225681188
981.0,Mulugu,38452285.0,7087338.0,31364947.0,0.0,0.0,107.0,43.0,0.0,2014170.0,2750324.0,19.090883589766506
982.0,Narayanpet,74211229.0,8213413.0,65993430.0,4386.0,0.0,11230.0,5.0,70.0,3152473.0,4236151.0,23.54063904750334
