distCode,distName,total_shops,gps_available,gps_missing,gps_coverage_percentage
532,Adilabad,356,356,0,100.0
533,Nizamabad,759,758,1,99.86824769433466
534,Karimnagar,566,566,0,100.0
535,Medak,520,520,0,100.0
536,Hyderabad,700,653,47,93.28571428571428
537,Ranga Reddy,936,935,1,99.8931623931624
538,Mahbubnagar,506,506,0,100.0
539,Nalgonda,997,997,0,100.0
540,Hanumakonda,414,412,2,99.51690821256038
541,Khammam,748,747,1,99.8663101604278
921,Kumarambheem Asifabad,314,314,0,100.0
922,Jayashankar Bhupalpalli,277,277,0,100.0
923,Jogulamba Gadwal,335,334,1,99.70149253731343
924,Jagityal,592,592,0,100.0
925,Janagaon,335,334,1,99.70149253731343
926,Kamareddy,592,592,0,100.0
927,Bhadrdri Kothagudem,443,443,0,100.0
928,Mahabubabad,558,555,3,99.46236559139786
929,Manchiryala,423,423,0,100.0
930,Medchal,618,617,1,99.83818770226537
931,Nagarkarnool,552,551,1,99.81884057971014
932,Nirmal,412,412,0,100.0
933,Peddapalli,410,410,0,100.0
934,Sangareddy,845,845,0,100.0
935,Siddipet,686,685,1,99.85422740524781
936,Rajanna Siricilla,345,345,0,100.0
937,Suryapet,735,735,0,100.0
938,Vikarabad,588,588,0,100.0
939,Wanaparthy,325,325,0,100.0
940,Warangal,509,509,0,100.0
941,Yadadri Bhuvanagiri,515,510,5,99.02912621359224
981,Mulugu,222,221,1,99.54954954954955
982,Narayanpet,301,301,0,100.0
