feature,importance
numeric__prev_month_high_transaction,0.48269996
numeric__rolling_3_month_avg_transactions,0.23227285
numeric__rolling_3_month_max_transactions,0.20509546
numeric__prev_month_noOfRcs,0.023781434
numeric__prev_month_transactions,0.0038721273
numeric__prev_2_month_transactions,0.0031949317
numeric__prev_month_totalRcs,0.0024867787
numeric__prev_3_month_transactions,0.0019376501
numeric__rolling_3_month_avg_cards,0.0017897182
categorical__district_Jagityal,0.0016333575
categorical__district_Kumarambheem Asifabad,0.0015805189
numeric__prev_month_totalUnits,0.0014025841
categorical__district_Manchiryala,0.0012943918
numeric__year,0.0012494349
categorical__district_Mulugu,0.0012461509
categorical__district_Medchal,0.001223542
categorical__district_Rajanna Siricilla,0.001194859
categorical__district_Warangal,0.001174864
categorical__district_Vikarabad,0.0011594566
numeric__latitude,0.0011425017
categorical__district_Nalgonda,0.001128423
categorical__district_Hyderabad,0.0011211835
categorical__district_Wanaparthy,0.0011208185
categorical__district_Janagaon,0.0011192164
numeric__longitude,0.0011188615
numeric__month,0.0011127194
categorical__district_Nagarkarnool,0.0010885957
categorical__district_Khammam,0.0010729145
categorical__district_Nirmal,0.0010487121
categorical__district_Siddipet,0.0010456842
categorical__district_Hanumakonda,0.0010427107
categorical__district_Kamareddy,0.0010297013
categorical__district_Jogulamba Gadwal,0.0010130239
numeric__quarter,0.0009959233
categorical__district_Adilabad,0.00097449706
categorical__district_Ranga Reddy,0.0009744809
categorical__district_Medak,0.00097248214
categorical__district_Narayanpet,0.000969901
categorical__district_Nizamabad,0.0009517782
categorical__district_Suryapet,0.00094597286
categorical__district_Mahbubnagar,0.0009448147
categorical__district_Peddapalli,0.0009180588
categorical__district_Jayashankar Bhupalpalli,0.0009154354
categorical__district_Bhadrdri Kothagudem,0.00088420126
categorical__district_Karimnagar,0.0008824347
categorical__district_Sangareddy,0.00083792745
categorical__district_Yadadri Bhuvanagiri,0.00081394124
numeric__is_year_end,0.00076533365
categorical__district_Mahabubabad,0.0007578091
