district_name,shops,anomalous_shops,anomaly_percentage
Hyderabad,653,293,44.86983154670751
Medchal,646,159,24.613003095975234
Ranga Reddy,936,137,14.636752136752138
Jagityal,623,37,5.9390048154093105
Bhadrdri Kothagudem,443,21,4.740406320541761
Mulugu,222,10,4.504504504504505
Sangareddy,862,33,3.82830626450116
Karimnagar,566,20,3.53356890459364
Mahbubnagar,526,16,3.041825095057034
Adilabad,356,9,2.528089887640449
Peddapalli,413,10,2.4213075060532687
Khammam,748,18,2.406417112299465
Manchiryala,423,8,1.8912529550827424
Wanaparthy,324,6,1.8518518518518516
Rajanna Siricilla,345,6,1.7391304347826086
Nizamabad,823,14,1.701093560145808
Vikarabad,588,10,1.7006802721088436
Nirmal,412,7,1.6990291262135921
Mahabubabad,558,9,1.6129032258064515
Nalgonda,1017,16,1.5732546705998034
Jogulamba Gadwal,351,4,1.1396011396011396
Nagarkarnool,558,5,0.8960573476702508
Janagaon,335,3,0.8955223880597015
Suryapet,610,5,0.819672131147541
Warangal,509,4,0.7858546168958742
Kamareddy,578,4,0.6920415224913495
Kumarambheem Asifabad,314,2,0.6369426751592357
Yadadri Bhuvanagiri,515,3,0.5825242718446602
Medak,521,2,0.3838771593090211
Jayashankar Bhupalpalli,277,1,0.36101083032490977
Narayanpet,301,1,0.33222591362126247
Siddipet,724,2,0.2762430939226519
Hanumakonda,414,0,0.0
