distCode,distName,officeCode,officeName,shopNo,address,longitude,latitude,fpsStatus,fpsType,dateTime
533,Nizamabad,533007,Kammarpally,1807004,1807004  H.NO 1-90      INAYATH NAGAR (V) KAMMARPALLY(M),,,Active,Normal Shop,2025-07-03 14:43:54.440556+05:30
536,Hyderabad,536072,Yakutpura-2,1672002,"Mohd Irfan  18-8-271/12/B, Riyasath nagar",,,Active,kerosene Shop,2025-07-03 14:43:55.520347+05:30
536,Hyderabad,536072,Yakutpura-2,1672036,1672036  Not Available,,,Active,kerosene Shop,2025-07-03 14:43:55.520347+05:30
536,Hyderabad,536073,Charminar-3,3128,M Janardhan  Not Available,,,Active,kerosene Shop,2025-07-03 14:43:55.520347+05:30
536,Hyderabad,536074,Nampally-4,4009,"CHANDRAMOHAN  3-1-74, MOTHIMARKET",,,Active,kerosene Shop,2025-07-03 14:43:55.520347+05:30
536,Hyderabad,536074,Nampally-4,4010,NANDA KUMAR  3-1-69 MOTHIMARKET,,,Active,kerosene Shop,2025-07-03 14:43:55.520347+05:30
536,Hyderabad,536074,Nampally-4,4015,G DASARATH  3-2-100 NIMBOLIADDA,,,Active,kerosene Shop,2025-07-03 14:43:55.520347+05:30
536,Hyderabad,536074,Nampally-4,4037,SURYA KALA  3-5-459 VITTALVADI,,,Active,kerosene Shop,2025-07-03 14:43:55.520347+05:30
536,Hyderabad,536074,Nampally-4,4039,KALAVATHI  3-5-708 NARAYANAGUDA,,,Active,kerosene Shop,2025-07-03 14:43:55.520347+05:30
536,Hyderabad,536074,Nampally-4,4048,G NARSIMHA  4-1-1112 BOGGULAKUNTA,,,Active,kerosene Shop,2025-07-03 14:43:55.520347+05:30
536,Hyderabad,536074,Nampally-4,4071,M YADAGIRI  5-1-103 JAMBAGH,,,Active,kerosene Shop,2025-07-03 14:43:55.520347+05:30
536,Hyderabad,536074,Nampally-4,4106,R VANAJAKSHI  5-9-707 GUNFOUNDRY,,,Active,kerosene Shop,2025-07-03 14:43:55.520347+05:30
536,Hyderabad,536074,Nampally-4,4107,AFSAR KHAN  5-9-775 GUNFOUNDRY,,,Active,kerosene Shop,2025-07-03 14:43:55.520347+05:30
536,Hyderabad,536074,Nampally-4,4118,MURALI KISHAN  14-2-251 CHAKANWADI,,,Active,kerosene Shop,2025-07-03 14:43:55.520347+05:30
536,Hyderabad,536074,Nampally-4,4120,SATYANARAYANA  14-3-125 GOSHAMAHAL,,,Active,kerosene Shop,2025-07-03 14:43:55.520347+05:30
536,Hyderabad,536074,Nampally-4,4129,RAMESH KUMAR  4-7-391 NAGARKHANA,,,Active,kerosene Shop,2025-07-03 14:43:55.520347+05:30
536,Hyderabad,536074,Nampally-4,4132,ABDUL AMEER MOHAMAHA  14-6-589 CHUDI BAZAR,,,Active,kerosene Shop,2025-07-03 14:43:55.520347+05:30
536,Hyderabad,536074,Nampally-4,4140,GOPI KISHNA  14-10-932 PURANAPUL,,,Active,kerosene Shop,2025-07-03 14:43:55.520347+05:30
536,Hyderabad,536074,Nampally-4,4148,G YADAGIRI  15-3-363 GOWLIGUDA CHAMAN,,,Active,kerosene Shop,2025-07-03 14:43:55.520347+05:30
536,Hyderabad,536074,Nampally-4,4154,G SAI BABA  15-5-237/1 OSMAN SHAHI,,,Active,kerosene Shop,2025-07-03 14:43:55.520347+05:30
536,Hyderabad,536074,Nampally-4,4155,"P PURAN CHANDRA RAO  15-5-483 ASHOK BAZAR,AFZALGUNJ",,,Active,kerosene Shop,2025-07-03 14:43:55.520347+05:30
536,Hyderabad,536074,Nampally-4,4156,"P SRINIVAS RAO  15-5-486 ASHOK BAZAR, AS\FZALGUNJ",,,Active,kerosene Shop,2025-07-03 14:43:55.520347+05:30
536,Hyderabad,536074,Nampally-4,4158,"K BALAKRISHNA  15-5-673 ASHOK BAZAR, AFZALGUNJ",,,Active,kerosene Shop,2025-07-03 14:43:55.520347+05:30
536,Hyderabad,536074,Nampally-4,4163,GARIHAR SHA  14-5-6 NEAR BEGUM BAZAR,,,Active,kerosene Shop,2025-07-03 14:43:55.520347+05:30
536,Hyderabad,536075,Mehdipatnam-5,5001,MUMMTAZ  5-6-261/C,,,Active,kerosene Shop,2025-07-03 14:43:55.520347+05:30
536,Hyderabad,536075,Mehdipatnam-5,5008,"Khaja Saleemuddin  9-4-61/171/1, Mairaj Colony, Tolichowki",,,Active,kerosene Shop,2025-07-03 14:43:55.520347+05:30
536,Hyderabad,536075,Mehdipatnam-5,5010,GOMPRAKASH  9-2-164/1,,,Active,kerosene Shop,2025-07-03 14:43:55.520347+05:30
536,Hyderabad,536075,Mehdipatnam-5,5011,MIR FARUQ ALIC  9-1-47/2,,,Active,kerosene Shop,2025-07-03 14:43:55.520347+05:30
536,Hyderabad,536075,Mehdipatnam-5,5020,KBIM SINGH  9-5-2,,,Active,kerosene Shop,2025-07-03 14:43:55.520347+05:30
536,Hyderabad,536075,Mehdipatnam-5,5022,"M.A.SAYEED  9-7-374,GREATER HYDERABAD (M CORP.) (PART)",,,Active,kerosene Shop,2025-07-03 14:43:55.520347+05:30
536,Hyderabad,536075,Mehdipatnam-5,5058,V  9-4-62/21/A,,,Active,kerosene Shop,2025-07-03 14:43:55.520347+05:30
536,Hyderabad,536075,Mehdipatnam-5,5060,AHAMAD MOINUDDINC  11-3-865/A/5,,,Active,kerosene Shop,2025-07-03 14:43:55.520347+05:30
536,Hyderabad,536075,Mehdipatnam-5,5062,SNARASIMHAC  11-3-845,,,Active,kerosene Shop,2025-07-03 14:43:55.520347+05:30
536,Hyderabad,536075,Mehdipatnam-5,5063,BABU SINGHC  11-2-1069,,,Active,kerosene Shop,2025-07-03 14:43:55.520347+05:30
536,Hyderabad,536075,Mehdipatnam-5,5070,XJAGADESH PRASADC  12-1-630/3/1,,,Active,kerosene Shop,2025-07-03 14:43:55.520347+05:30
536,Hyderabad,536075,Mehdipatnam-5,5077,SUSILA BAIC  8-1-303/12,,,Active,kerosene Shop,2025-07-03 14:43:55.520347+05:30
536,Hyderabad,536075,Mehdipatnam-5,5078,SANGRAM SINGHC  12-1-485/182,,,Active,kerosene Shop,2025-07-03 14:43:55.520347+05:30
536,Hyderabad,536075,Mehdipatnam-5,5082,ABSQURASHIC  12-1-565/A/3,,,Active,kerosene Shop,2025-07-03 14:43:55.520347+05:30
536,Hyderabad,536075,Mehdipatnam-5,5089,MDYOUSUFC  12-1-139,,,Active,kerosene Shop,2025-07-03 14:43:55.520347+05:30
536,Hyderabad,536075,Mehdipatnam-5,5107,TBALA KRISHNA GOUDC  13-1-308,,,Active,kerosene Shop,2025-07-03 14:43:55.520347+05:30
536,Hyderabad,536075,Mehdipatnam-5,5114,KHAJA MAHABUB SHARIFC  13-1-235,,,Active,kerosene Shop,2025-07-03 14:43:55.520347+05:30
536,Hyderabad,536075,Mehdipatnam-5,5131,AMAR SINGHC  13-1-1236/293/A/18,,,Active,kerosene Shop,2025-07-03 14:43:55.520347+05:30
536,Hyderabad,536076,Amberpet-6,6063,"ENARSING RAO  1-7-778/3/9, RAM NAGAR",,,Active,kerosene Shop,2025-07-03 14:43:55.520347+05:30
536,Hyderabad,536076,Amberpet-6,6070,B SATYAMMA  1-104/A,,,Active,kerosene Shop,2025-07-03 14:43:55.520347+05:30
536,Hyderabad,536076,Amberpet-6,6126,K SURYAKALA  2-2-535,,,Active,kerosene Shop,2025-07-03 14:43:55.520347+05:30
536,Hyderabad,536076,Amberpet-6,6136,VENKATA LAXMI  2-2-535,,,Active,kerosene Shop,2025-07-03 14:43:55.520347+05:30
536,Hyderabad,536076,Amberpet-6,6145,N ANJAIAH  2-2-1103/7,,,Active,kerosene Shop,2025-07-03 14:43:55.520347+05:30
536,Hyderabad,536076,Amberpet-6,6162,SHARMA  2-2-1167/3,,,Active,kerosene Shop,2025-07-03 14:43:55.520347+05:30
537,Ranga Reddy,537097,Kadhtal,1597006,"ISLAVATH HEMLA  3-7, MAISIGANDI VILL,AMANGAL MANDAL",,,Active,Normal Shop,2025-07-03 14:43:55.905428+05:30
540,Hanumakonda,540052,Elkathurthi,2152003,"T.Ravi  # 4-10, Damera",,,Active,Normal Shop,2025-07-03 14:43:56.945345+05:30
540,Hanumakonda,540054,Kamalapur,2154014,B Ramesh  Sri Ramulapally,,,Active,Normal Shop,2025-07-03 14:43:56.945345+05:30
541,Khammam,541036,Khammam (Rural)-1 (Urban),2281100,R ROJA RAMANI  NAIBRAHMANA COLONY,,,Active,Normal Shop,2025-07-03 14:43:57.232870+05:30
923,Jogulamba Gadwal,923004,Ghattu,2604022,NARSIMHULI  ANTHANPALLE,,,Active,Normal Shop,2025-07-03 14:43:57.963213+05:30
925,Janagaon,925013,Tharigoppula,2813001,B BUJJI  H.No. 1-87/12 Ankushapur,,,Active,Normal Shop,2025-07-03 14:43:58.442832+05:30
928,Mahabubabad,928003,Bayyaram,3103008,Bhukya Ramulu  Bayyaram -4,,,Active,Normal Shop,2025-07-03 14:43:59.499948+05:30
928,Mahabubabad,928004,Garla,3104007,Nunavath Laxman  GOPALAPURAM,,,Active,Normal Shop,2025-07-03 14:43:59.499948+05:30
928,Mahabubabad,928004,Garla,3104014,Islavath Santulal  BUDDARAM,,,Active,Normal Shop,2025-07-03 14:43:59.499948+05:30
930,Medchal,930002,Uppal-2,3302232,"G.Ashanna  Jaipuri Colony, Nagole",,,Active,Normal Shop,2025-07-03 14:44:00.087856+05:30
931,Nagarkarnool,931002,Amrabad,3402006,Mantati Madhu  AMRABAD,,,Active,Normal Shop,2025-07-03 14:44:00.375798+05:30
935,Siddipet,935008,Doultabad,3808025,Maddikunta Sadulla  H.NO.1-25,,,Active,Normal Shop,2025-07-03 14:44:01.531843+05:30
941,Yadadri Bhuvanagiri,941005,Bibinagar,4405004,"SMT B BASWA RANR  MAIN ROAD, Padamatisomaram",,,Active,Normal Shop,2025-07-03 14:44:03.265209+05:30
941,Yadadri Bhuvanagiri,941005,Bibinagar,4405009,"RAVINDAR  1-191, Bibinagar",,,Active,Normal Shop,2025-07-03 14:44:03.265209+05:30
941,Yadadri Bhuvanagiri,941005,Bibinagar,4405027,"SRI B SRI RAMULU  2-52, Nemuragomula",,,Active,Normal Shop,2025-07-03 14:44:03.265209+05:30
941,Yadadri Bhuvanagiri,941006,Bommalaramaram,4406008,SURVI VENKATESHAM  MAILARAM,,,Active,Normal Shop,2025-07-03 14:44:03.265209+05:30
941,Yadadri Bhuvanagiri,941007,Choutuppal,4407037,P.Upender  S.Lingotam-2,,,Active,Normal Shop,2025-07-03 14:44:03.265209+05:30
981,Mulugu,981006,Tadvai,4506012,GCC  KONDAPARTHY,,,Active,Normal Shop,2025-07-03 14:44:03.557354+05:30
