date,total_rice,rice_afsc,rice_fsc,rice_aap,wheat,sugar,kerosene,salt,transaction_records
2023-01-01,132926132.0,17508842.0,115381785.0,35505.0,2864748.0,63596.0,263.0,21.0,17201
2023-02-01,131622623.0,17453475.0,114133633.0,35515.0,2898527.0,69673.0,1003.0,21.0,17171
2023-03-01,133408463.0,17670427.0,115701466.0,36570.0,2997749.0,51500.0,567.0,30.0,17223
2023-04-01,157094134.0,17731635.0,139326158.0,36341.0,3093768.0,52563.0,760.0,17.0,17202
2023-05-01,154477430.0,17551712.0,136889910.0,35808.0,3081636.0,48567.0,396.0,53.0,17191
2023-06-01,156846090.0,17704721.0,139105161.0,36208.0,3140474.0,50185.0,216.0,363.0,17200
2023-07-01,156718471.0,17710091.0,138972842.0,35538.0,3086486.0,50504.0,205.0,250.0,17204
2023-08-01,158628584.0,18627450.0,139964676.0,36458.0,3407779.0,50476.0,187.0,224.0,17211
2023-09-01,159458686.0,18673630.0,140748786.0,36270.0,3393426.0,32244.0,289.0,49.0,17213
2023-10-01,158829688.0,18638321.0,140154976.0,36391.0,3312076.0,41733.0,214.0,38.0,17221
2023-11-01,159312278.0,18716129.0,140559619.0,36530.0,3391117.0,44645.0,435.0,48.0,17223
2023-12-01,160875319.0,18797309.0,142041280.0,36730.0,3488110.0,44846.0,346.0,65.0,17219
2024-01-01,160664185.0,18766476.0,141861555.0,36154.0,3477422.0,44109.0,310.0,73.0,17272
2024-02-01,158762773.0,18647223.0,140079429.0,36121.0,3485634.0,43785.0,134.0,36.0,17251
2024-03-01,158749161.0,18705272.0,140007573.0,36316.0,3568544.0,44967.0,168.0,34.0,17245
2024-04-01,158542296.0,18718104.0,139788351.0,35841.0,3516461.0,41739.0,163.0,26.0,17236
2024-05-01,158679336.0,18723306.0,139920314.0,35716.0,3459035.0,47521.0,216.0,41.0,17240
2024-06-01,159511140.0,18749498.0,140726275.0,35367.0,3422785.0,65712.0,208.0,33.0,17237
2024-07-01,160447451.0,18851587.0,141559978.0,35886.0,3381645.0,48584.0,199.0,42.0,17239
2024-08-01,158260491.0,18717582.0,139507518.0,35391.0,3381108.0,51809.0,67.0,39.0,17258
2024-09-01,159821699.0,18829517.0,140957165.0,35017.0,3478115.0,121992.0,240.0,39.0,17252
2024-10-01,0.0,,,,,,,,0
2024-11-01,160427014.0,18898392.0,141493476.0,35146.0,3716716.0,117474.0,134.0,55.0,17240
2024-12-01,161273083.0,18908627.0,142329340.0,35116.0,3754774.0,85591.0,144.0,70.0,17239
2025-01-01,161548832.0,18927439.0,142586431.0,34962.0,3834301.0,77418.0,127.0,62.0,17237
2025-02-01,160906713.0,18826021.0,142045806.0,34886.0,3546589.0,78711.0,205.0,87.0,17237
2025-03-01,159918290.0,18804126.0,141079584.0,34580.0,3409267.0,94476.0,66.0,37.0,17238
2025-04-01,167096574.0,19092253.0,147969250.0,35071.0,2762095.0,69160.0,420.0,66.0,17253
2025-05-01,170220485.0,19045460.0,151140135.0,34890.0,3569996.0,76479.0,234.0,115.0,17254
2025-06-01,0.0,,,,,,,,0
