date,total_shops,total_records,total_transactions,total_ration_cards,rice_afsc,rice_fsc,rice_aap,wheat,sugar,total_transaction_amount,total_rice,avg_transactions_per_shop,year,month,month_name
2023-01-01,17219,17219,7479270.0,9013511.0,17508842.0,115381785.0,35505.0,2864748.0,63596.0,20921092.0,132926132.0,434.36146117660724,2023,1,January
2023-02-01,17229,17229,7418707.0,9009402.0,17453475.0,114133633.0,35515.0,2898527.0,69673.0,21265484.5,131622623.0,430.59417261593825,2023,2,February
2023-03-01,17263,17263,7529813.0,9006396.0,17670427.0,115701466.0,36570.0,2997749.0,51500.0,21699488.0,133408463.0,436.1821815443434,2023,3,March
2023-04-01,17241,17241,7562803.0,9005748.0,17731635.0,139326158.0,36341.0,3093768.0,52563.0,22392661.5,157094134.0,438.6522243489357,2023,4,April
2023-05-01,17244,17244,7414581.0,9005495.0,17551712.0,136889910.0,35808.0,3081636.0,48567.0,22241231.5,154477430.0,429.9803409881698,2023,5,May
2023-06-01,17234,17234,7534218.0,9005096.0,17704721.0,139105161.0,36208.0,3140474.0,50185.0,22670190.5,156846090.0,437.17175351050247,2023,6,June
2023-07-01,17233,17233,7529619.0,9004867.0,17710091.0,138972842.0,35538.0,3086486.0,50504.0,22295631.0,156718471.0,436.93025010154935,2023,7,July
2023-08-01,17233,17233,7618795.0,9004562.0,18627450.0,139964676.0,36458.0,3407779.0,50476.0,24543544.0,158628584.0,442.1049730168862,2023,8,August
2023-09-01,17235,17235,7672535.0,9004456.0,18673630.0,140748786.0,36270.0,3393426.0,32244.0,24199636.0,159458686.0,445.17174354511167,2023,9,September
2023-10-01,17241,17241,7657384.0,8999923.0,18638321.0,140154976.0,36391.0,3312076.0,41733.0,23755607.5,158829688.0,444.13804303694684,2023,10,October
2023-11-01,17244,17244,7671778.0,8998642.0,18716129.0,140559619.0,36530.0,3391117.0,44645.0,24355991.5,159312278.0,444.8954998840176,2023,11,November
2023-12-01,17244,17244,7752879.0,8998545.0,18797309.0,142041280.0,36730.0,3488110.0,44846.0,25034626.0,160875319.0,449.59864300626305,2023,12,December
2024-01-01,17291,17291,7741856.0,8998469.0,18766476.0,141861555.0,36154.0,3477422.0,44109.0,24948640.5,160664185.0,447.73905499971085,2024,1,January
2024-02-01,17273,17273,7657736.0,8998265.0,18647223.0,140079429.0,36121.0,3485634.0,43785.0,24995405.5,158762773.0,443.3356104903607,2024,2,February
2024-03-01,17264,17264,7656015.0,8997054.0,18705272.0,140007573.0,36316.0,3568544.0,44967.0,25592912.5,158749161.0,443.4670412418906,2024,3,March
2024-04-01,17257,17257,7636616.0,8996766.0,18718104.0,139788351.0,35841.0,3516461.0,41739.0,25184538.5,158542296.0,442.522802341079,2024,4,April
2024-05-01,17262,17262,7643102.0,8996650.0,18723306.0,139920314.0,35716.0,3459035.0,47521.0,24862543.5,158679336.0,442.77036264627503,2024,5,May
2024-06-01,17262,17262,7683588.0,8996620.0,18749498.0,140726275.0,35367.0,3422785.0,65712.0,24854052.0,159511140.0,445.1157455683003,2024,6,June
2024-07-01,17265,17265,7728890.0,8996579.0,18851587.0,141559978.0,35886.0,3381645.0,48584.0,24334574.0,160447451.0,447.6623226180133,2024,7,July
2024-08-01,17283,17283,7614452.0,8996336.0,18717582.0,139507518.0,35391.0,3381108.0,51809.0,24369717.5,158260491.0,440.57466874963836,2024,8,August
2024-09-01,17274,17274,7704086.0,8996083.0,18829517.0,140957165.0,35017.0,3478115.0,121992.0,26002292.0,159821699.0,445.99316892439504,2024,9,September
2024-10-01,17261,17261,0.0,8995930.0,0.0,0.0,0.0,0.0,0.0,0.0,0.0,0.0,2024,10,October
2024-11-01,17262,17262,7732881.0,8995722.0,18898392.0,141493476.0,35146.0,3716716.0,117474.0,27607876.0,160427014.0,447.9713242961418,2024,11,November
2024-12-01,17264,17264,7774485.0,8995447.0,18908627.0,142329340.0,35116.0,3754774.0,85591.0,27444286.5,161273083.0,450.32929796107504,2024,12,December
2025-01-01,17263,17263,7785421.0,8995281.0,18927439.0,142586431.0,34962.0,3834301.0,77418.0,27890005.0,161548832.0,450.9888779470544,2025,1,January
2025-02-01,17263,17263,7741442.0,9011226.0,18826021.0,142045806.0,34886.0,3546589.0,78711.0,25870048.5,160906713.0,448.44129062156054,2025,2,February
2025-03-01,17263,17263,7740605.0,9119267.0,18804126.0,141079584.0,34580.0,3409267.0,94476.0,25122202.5,159918290.0,448.39280542200083,2025,3,March
2025-04-01,17262,17262,8031149.0,9042195.0,19092253.0,147969250.0,35071.0,2762095.0,69160.0,20277725.5,167096574.0,465.25020275750205,2025,4,April
2025-05-01,17262,17262,7987340.0,9071986.0,19045460.0,151140135.0,34890.0,3569996.0,76479.0,26023387.0,170220485.0,462.7123160699803,2025,5,May
2025-06-01,17275,17275,0.0,9183183.0,0.0,0.0,0.0,0.0,0.0,0.0,0.0,0.0,2025,6,June
