shopNo,iqr_transaction,iqr_ratio,iqr_rice,isolation_forest,methods_detected,priority,ml_district_name,ml_transactions_per_month,ml_transactions_per_ration_card,ml_rice_per_transaction,total_ration_cards,total_transactions,anomaly_score,anomaly_label,district_name,iqr_transactions_per_month,iqr_transactions_per_ration_card,iqr_rice_per_transaction
1675595,True,True,True,True,4,High,Hyderabad,1937.6785714285716,1.3188536146628422,26.033047645378307,41138.0,54255.0,-0.1725345124638371,Anomaly,Hyderabad,1937.6785714285716,1.3188536146628422,26.033047645378307
1672306,True,True,True,True,4,High,Hyderabad,1641.607142857143,1.2754238463886345,27.2747742847819,36039.0,45965.0,-0.1473382441213193,Anomaly,Hyderabad,1641.607142857143,1.2754238463886345,27.2747742847819
1671183,True,True,True,True,4,High,Hyderabad,1693.892857142857,1.269546829411922,25.85333867465053,37359.0,47429.0,-0.1407335912697507,Anomaly,Hyderabad,1693.892857142857,1.269546829411922,25.85333867465053
1673370,True,True,True,True,4,High,Hyderabad,1517.2142857142858,1.1331555081355027,25.99538628124853,37490.0,42482.0,-0.1227893848140558,Anomaly,Hyderabad,1517.2142857142858,1.1331555081355027,25.99538628124853
1672279,True,True,True,True,4,High,Hyderabad,1259.9642857142858,1.177261654486602,26.78440431985033,29967.0,35279.0,-0.0870868570237907,Anomaly,Hyderabad,1259.9642857142858,1.177261654486602,26.78440431985033
1675565,True,True,True,True,4,High,Hyderabad,994.4642857142856,1.3477734753146176,25.95992099120129,20660.0,27845.0,-0.075276565011484,Anomaly,Hyderabad,994.4642857142856,1.3477734753146176,25.95992099120129
1671156,True,True,True,True,4,High,Hyderabad,1079.4642857142858,1.1499391264647694,26.051546732837057,26284.0,30225.0,-0.0639110317366297,Anomaly,Hyderabad,1079.4642857142858,1.1499391264647694,26.051546732837057
3314004,True,True,False,True,3,High,Medchal,3786.142857142857,1.4886189707224602,19.945034524393463,71215.0,106012.0,-0.1973716946358636,Anomaly,Medchal,3786.142857142857,1.4886189707224602,
3314006,True,True,False,True,3,High,Medchal,5164.535714285715,1.3424964025437498,20.705968590732123,107715.0,144607.0,-0.1923349542934608,Anomaly,Medchal,5164.535714285715,1.3424964025437498,
1599002,True,True,False,True,3,High,Ranga Reddy,2307.3928571428573,1.4211521963881129,21.598851517637407,45461.0,64607.0,-0.1665571021806116,Anomaly,Ranga Reddy,2307.3928571428573,1.4211521963881129,
1583632,True,True,False,True,3,High,Ranga Reddy,2048.178571428572,1.1356237623762375,22.82083384191529,50500.0,57349.0,-0.1657526864538575,Anomaly,Ranga Reddy,2048.178571428572,1.1356237623762375,
3307011,True,True,False,True,3,High,Medchal,2095.5714285714284,1.3046069014585555,21.026603722135118,44976.0,58676.0,-0.1580795145562629,Anomaly,Medchal,2095.5714285714284,1.3046069014585555,
3314003,True,True,False,True,3,High,Medchal,2066.6428571428573,1.3362737853316091,20.87571285383472,43304.0,57866.0,-0.1580565752783611,Anomaly,Medchal,2066.6428571428573,1.3362737853316091,
1675518,True,True,False,True,3,High,Hyderabad,2038.7142857142856,1.4868722650552195,24.06846051432976,38392.0,57084.0,-0.15796735792246,Anomaly,Hyderabad,2038.7142857142856,1.4868722650552195,
1585088,True,True,False,True,3,High,Ranga Reddy,2053.8214285714284,1.5095285594288117,20.0892760881284,38096.0,57507.0,-0.1566916289485839,Anomaly,Ranga Reddy,2053.8214285714284,1.5095285594288117,
3306005,True,True,False,True,3,High,Medchal,1940.0,1.174943761896522,22.34791973490427,46232.0,54320.0,-0.1538670307629113,Anomaly,Medchal,1940.0,1.174943761896522,
1532002,True,True,False,True,3,High,Ranga Reddy,1918.75,1.1709895379250217,22.43046998604002,45880.0,53725.0,-0.1536196621346903,Anomaly,Ranga Reddy,1918.75,1.1709895379250217,
3314007,True,True,False,True,3,High,Medchal,2040.9285714285716,1.4187894135756491,20.74965876876772,40278.0,57146.0,-0.1516154218536819,Anomaly,Medchal,2040.9285714285716,1.4187894135756491,
1599007,True,True,False,True,3,High,Ranga Reddy,1916.25,1.2511951122822564,20.19293635262324,42883.0,53655.0,-0.1513629799650169,Anomaly,Ranga Reddy,1916.25,1.2511951122822564,
1672215,True,False,True,True,3,High,Hyderabad,1655.5,1.0983579366395757,26.317707209733783,42203.0,46354.0,-0.149932975908054,Anomaly,Hyderabad,1655.5,,26.317707209733783
1585182,True,True,False,True,3,High,Ranga Reddy,1911.2142857142856,1.304392336567055,20.62961094293082,41026.0,53514.0,-0.148503390376041,Anomaly,Ranga Reddy,1911.2142857142856,1.304392336567055,
1672288,True,True,False,True,3,High,Hyderabad,1807.9285714285716,1.274695943393851,24.682430563786497,39713.0,50622.0,-0.1484662621155905,Anomaly,Hyderabad,1807.9285714285716,1.274695943393851,
1599010,True,True,False,True,3,High,Ranga Reddy,1925.0357142857144,1.4536015749305575,20.323890094803435,37081.0,53901.0,-0.1476915213250638,Anomaly,Ranga Reddy,1925.0357142857144,1.4536015749305575,
1675512,True,True,False,True,3,High,Hyderabad,1788.107142857143,1.3895920066611158,24.393832264765216,36030.0,50067.0,-0.1422515663015012,Anomaly,Hyderabad,1788.107142857143,1.3895920066611158,
1583620,True,True,False,True,3,High,Ranga Reddy,1812.2857142857144,1.1725125930033735,21.989811603342268,43278.0,50744.0,-0.1400705401383982,Anomaly,Ranga Reddy,1812.2857142857144,1.1725125930033735,
1671169,True,True,False,True,3,High,Hyderabad,1651.357142857143,1.2843175379145604,25.554327609325664,36002.0,46238.0,-0.1378238910227043,Anomaly,Hyderabad,1651.357142857143,1.2843175379145604,
1673396,True,True,False,True,3,High,Hyderabad,1730.857142857143,1.2233441033925687,24.41366787718719,39616.0,48464.0,-0.1361529289741642,Anomaly,Hyderabad,1730.857142857143,1.2233441033925687,
1585354,True,True,False,True,3,High,Ranga Reddy,1803.2142857142856,1.2410284141185723,20.370944741532977,40684.0,50490.0,-0.135752523283952,Anomaly,Ranga Reddy,1803.2142857142856,1.2410284141185723,
1671126,True,True,False,True,3,High,Hyderabad,1656.321428571429,1.2866773942958607,25.04599262565496,36044.0,46377.0,-0.1349259788128042,Anomaly,Hyderabad,1656.321428571429,1.2866773942958607,
1671131,True,True,False,True,3,High,Hyderabad,1731.928571428571,1.1829824604200718,23.51385738441869,40993.0,48494.0,-0.1341454659870221,Anomaly,Hyderabad,1731.928571428571,1.1829824604200718,
1599013,True,True,False,True,3,High,Ranga Reddy,1785.071428571429,1.5170425228397122,20.274778920411347,32947.0,49982.0,-0.1326555317137736,Anomaly,Ranga Reddy,1785.071428571429,1.5170425228397122,
3384123,True,True,False,True,3,High,Medchal,1799.642857142857,1.2582401118657611,21.306648144473108,40048.0,50390.0,-0.1296512632888518,Anomaly,Medchal,1799.642857142857,1.2582401118657611,
3384120,True,True,False,True,3,High,Medchal,1811.142857142857,1.3731925264013,21.432619498343588,36930.0,50712.0,-0.1294475608338827,Anomaly,Medchal,1811.142857142857,1.3731925264013,
1672271,True,True,False,True,3,High,Hyderabad,1629.4642857142858,1.267924633170298,25.262005479452053,35984.0,45625.0,-0.1294044221656668,Anomaly,Hyderabad,1629.4642857142858,1.267924633170298,
1677709,True,True,False,True,3,High,Hyderabad,1784.0357142857142,1.4060177887863097,21.29199447480632,35528.0,49953.0,-0.1285342834125302,Anomaly,Hyderabad,1784.0357142857142,1.4060177887863097,
1677724,True,True,False,True,3,High,Hyderabad,1777.678571428571,1.354016484861674,22.43684580612757,36761.0,49775.0,-0.1284988537127956,Anomaly,Hyderabad,1777.678571428571,1.354016484861674,
3302048,True,True,False,True,3,High,Medchal,1716.5357142857142,1.6304148716035145,20.330545325926387,29479.0,48063.0,-0.1256750168721681,Anomaly,Medchal,1716.5357142857142,1.6304148716035145,
1675612,True,True,False,True,3,High,Hyderabad,1674.25,1.463276836158192,22.21967192132938,32037.0,46879.0,-0.1246728353935289,Anomaly,Hyderabad,1674.25,1.463276836158192,
3302104,True,True,False,True,3,High,Medchal,1707.4642857142858,1.290147610437974,19.52596791399109,37057.0,47809.0,-0.1243225238799601,Anomaly,Medchal,1707.4642857142858,1.290147610437974,
1585406,True,True,False,True,3,High,Ranga Reddy,1765.2857142857142,1.3671516291420036,21.29946588977907,36154.0,49428.0,-0.1230894452437262,Anomaly,Ranga Reddy,1765.2857142857142,1.3671516291420036,
1585197,True,True,False,True,3,High,Ranga Reddy,1659.2142857142858,1.5372754045200356,20.3292005682552,30221.0,46458.0,-0.1221159549552628,Anomaly,Ranga Reddy,1659.2142857142858,1.5372754045200356,
3314009,True,True,False,True,3,High,Medchal,1722.4642857142858,1.3665703275529866,20.37305355698853,35292.0,48229.0,-0.1211269193578826,Anomaly,Medchal,1722.4642857142858,1.3665703275529866,
3314002,True,True,False,True,3,High,Medchal,1728.75,1.2986960721184804,20.641380022724924,37272.0,48405.0,-0.1199040899000974,Anomaly,Medchal,1728.75,1.2986960721184804,
1671152,True,True,False,True,3,High,Hyderabad,1559.9642857142858,1.2142499722006004,25.30490624785366,35972.0,43679.0,-0.1196675709188077,Anomaly,Hyderabad,1559.9642857142858,1.2142499722006004,
1583631,True,True,False,True,3,High,Ranga Reddy,1672.607142857143,1.1319701254441303,21.90271816881259,41373.0,46833.0,-0.1184049671210532,Anomaly,Ranga Reddy,1672.607142857143,1.1319701254441303,
3313026,True,True,False,True,3,High,Medchal,1642.0357142857142,1.145301913112794,19.699936924984232,40144.0,45977.0,-0.1182023692616314,Anomaly,Medchal,1642.0357142857142,1.145301913112794,
3306009,True,True,False,True,3,High,Medchal,1699.321428571429,1.1378658886550603,21.13946743448015,41816.0,47581.0,-0.1178309446653157,Anomaly,Medchal,1699.321428571429,1.1378658886550603,
1671194,True,True,False,True,3,High,Hyderabad,1579.607142857143,1.461680822234707,22.274864907639785,30259.0,44229.0,-0.1173424511690027,Anomaly,Hyderabad,1579.607142857143,1.461680822234707,
1585704,True,True,False,True,3,High,Ranga Reddy,1505.2857142857142,1.7104825291181365,20.285802410553288,24641.0,42148.0,-0.1162849506568266,Anomaly,Ranga Reddy,1505.2857142857142,1.7104825291181365,
1500015,True,True,False,True,3,High,Ranga Reddy,1674.2857142857142,1.2086835456092404,22.44537116040956,38786.0,46880.0,-0.1160548055936359,Anomaly,Ranga Reddy,1674.2857142857142,1.2086835456092404,
1585407,True,True,False,True,3,High,Ranga Reddy,1611.071428571429,1.5429079590929302,21.07836399911328,29237.0,45110.0,-0.1158930159326883,Anomaly,Ranga Reddy,1611.071428571429,1.5429079590929302,
1673358,True,False,True,True,3,High,Hyderabad,1470.25,1.1006042134531069,25.762188160419758,37404.0,41167.0,-0.1156211506229329,Anomaly,Hyderabad,1470.25,,25.762188160419758
3702010,True,True,False,True,3,High,Sangareddy,1691.7142857142858,1.4265321487727751,20.95836851883128,33205.0,47368.0,-0.115344174122269,Anomaly,Sangareddy,1691.7142857142858,1.4265321487727751,
1673372,True,True,False,True,3,High,Hyderabad,1554.25,1.1607233350225374,24.917897929639928,37493.0,43519.0,-0.1152009614701619,Anomaly,Hyderabad,1554.25,1.1607233350225374,
1675588,True,True,False,True,3,High,Hyderabad,1566.642857142857,1.1520340362948762,24.592121460812475,38077.0,43866.0,-0.1136711808746799,Anomaly,Hyderabad,1566.642857142857,1.1520340362948762,
1679909,True,True,False,True,3,High,Hyderabad,1501.7142857142858,1.4258392675483214,23.515506088280063,29490.0,42048.0,-0.1130202533824185,Anomaly,Hyderabad,1501.7142857142858,1.4258392675483214,
1674452,True,True,False,True,3,High,Hyderabad,1494.7857142857142,1.4276845408650567,23.63324891288766,29316.0,41854.0,-0.1123198320036504,Anomaly,Hyderabad,1494.7857142857142,1.4276845408650567,
1585165,True,True,False,True,3,High,Ranga Reddy,1652.5,1.3017668242178708,20.41102226064405,35544.0,46270.0,-0.1121273829704854,Anomaly,Ranga Reddy,1652.5,1.3017668242178708,
1596035,True,True,False,True,3,High,Ranga Reddy,1642.428571428571,1.3067000056827869,21.928394363747064,35194.0,45988.0,-0.1110969573289595,Anomaly,Ranga Reddy,1642.428571428571,1.3067000056827869,
2281038,True,True,False,True,3,High,Khammam,1557.4642857142858,1.1831303073876125,18.81180490265771,36859.0,43609.0,-0.1108043593961141,Anomaly,Khammam,1557.4642857142858,1.1831303073876125,
1677776,True,True,False,True,3,High,Hyderabad,1650.928571428571,1.3662587929301886,21.00878293601004,33834.0,46226.0,-0.1101309145576668,Anomaly,Hyderabad,1650.928571428571,1.3662587929301886,
1675507,True,True,False,True,3,High,Hyderabad,1528.678571428571,1.1358702863360135,24.706001915753568,37683.0,42803.0,-0.1093674142185043,Anomaly,Hyderabad,1528.678571428571,1.1358702863360135,
3724035,True,True,False,True,3,High,Sangareddy,1476.178571428571,1.594145325516816,20.650448793941887,25928.0,41333.0,-0.1090818230300257,Anomaly,Sangareddy,1476.178571428571,1.594145325516816,
1677804,True,True,False,True,3,High,Hyderabad,1602.9642857142858,1.2967093288648774,21.66134171066997,34613.0,44883.0,-0.1089758897592598,Anomaly,Hyderabad,1602.9642857142858,1.2967093288648774,
1677815,True,True,False,True,3,High,Hyderabad,1658.5357142857142,1.2911916810320858,20.972544628437305,35966.0,46439.0,-0.1084255425395435,Anomaly,Hyderabad,1658.5357142857142,1.2911916810320858,
3384117,True,True,False,True,3,High,Medchal,1593.107142857143,1.2904877625412254,20.573833703230434,34566.0,44607.0,-0.1067345220673037,Anomaly,Medchal,1593.107142857143,1.2904877625412254,
3313004,True,True,False,True,3,High,Medchal,1403.428571428571,1.613136288998358,21.608687907166125,24360.0,39296.0,-0.1063273538438033,Anomaly,Medchal,1403.428571428571,1.613136288998358,
1585377,True,True,False,True,3,High,Ranga Reddy,1595.928571428571,1.328517065049352,20.534082262901133,33636.0,44686.0,-0.1061258374983683,Anomaly,Ranga Reddy,1595.928571428571,1.328517065049352,
1585662,True,True,False,True,3,High,Ranga Reddy,1594.142857142857,1.3370076381608509,20.456694148221167,33385.0,44636.0,-0.1058946166576643,Anomaly,Ranga Reddy,1594.142857142857,1.3370076381608509,
3302062,True,True,False,True,3,High,Medchal,1616.642857142857,1.2708029197080293,20.40604427163876,35620.0,45266.0,-0.1055781709724201,Anomaly,Medchal,1616.642857142857,1.2708029197080293,
1585683,True,True,False,True,3,High,Ranga Reddy,1451.928571428571,1.570258787176516,20.54169331431101,25890.0,40654.0,-0.1052935306569945,Anomaly,Ranga Reddy,1451.928571428571,1.570258787176516,
1585764,True,True,False,True,3,High,Ranga Reddy,1580.2857142857142,1.146529163319773,20.44960224190924,38593.0,44248.0,-0.1049619584568204,Anomaly,Ranga Reddy,1580.2857142857142,1.146529163319773,
3384116,True,True,False,True,3,High,Medchal,1589.392857142857,1.301295359513436,21.22922050198863,34199.0,44503.0,-0.1046699584214366,Anomaly,Medchal,1589.392857142857,1.301295359513436,
3384205,True,True,False,True,3,High,Medchal,1600.2142857142858,1.1864738904777037,20.276659375976436,37764.0,44806.0,-0.1044525363534476,Anomaly,Medchal,1600.2142857142858,1.1864738904777037,
1585331,True,True,False,True,3,High,Ranga Reddy,1581.4642857142858,1.3621989110037838,20.54840676588153,32507.0,44281.0,-0.104367197805068,Anomaly,Ranga Reddy,1581.4642857142858,1.3621989110037838,
3719035,True,True,False,True,3,High,Sangareddy,1397.107142857143,1.6686857484110396,21.69896981006672,23443.0,39119.0,-0.1040657963623378,Anomaly,Sangareddy,1397.107142857143,1.6686857484110396,
1675506,True,True,False,True,3,High,Hyderabad,1465.821428571429,1.5097664153025565,21.253002948127573,27185.0,41043.0,-0.1033895705978973,Anomaly,Hyderabad,1465.821428571429,1.5097664153025565,
1673377,True,True,False,True,3,High,Hyderabad,1529.571428571429,1.1902617975654497,23.75777528719529,35982.0,42828.0,-0.1029715206803666,Anomaly,Hyderabad,1529.571428571429,1.1902617975654497,
1673399,True,True,False,True,3,High,Hyderabad,1514.5357142857142,1.1286862557223465,24.35812483788054,37572.0,42407.0,-0.1028030338685696,Anomaly,Hyderabad,1514.5357142857142,1.1286862557223465,
2084157,True,True,False,True,3,High,Karimnagar,1441.2857142857142,1.4949435080570477,19.726509069283377,26995.0,40356.0,-0.1025753572105248,Anomaly,Karimnagar,1441.2857142857142,1.4949435080570477,
1585703,True,True,False,True,3,High,Ranga Reddy,1586.857142857143,1.2745840504876649,20.84175819229384,34860.0,44432.0,-0.102337194157027,Anomaly,Ranga Reddy,1586.857142857143,1.2745840504876649,
1583401,True,True,False,True,3,High,Ranga Reddy,1602.2857142857142,1.2028849505322143,21.357123751783167,37297.0,44864.0,-0.1021648995079075,Anomaly,Ranga Reddy,1602.2857142857142,1.2028849505322143,
1671205,True,True,False,True,3,High,Hyderabad,1538.7142857142858,1.1977426260042812,22.888798625940023,35971.0,43084.0,-0.1020377979301679,Anomaly,Hyderabad,1538.7142857142858,1.1977426260042812,
1672277,True,True,False,True,3,High,Hyderabad,1445.0,1.115737804373604,25.381240731586757,36263.0,40460.0,-0.1017731636134705,Anomaly,Hyderabad,1445.0,1.115737804373604,
2383058,True,True,False,True,3,High,Nalgonda,1426.0357142857142,1.5010337957219653,20.11648175511533,26601.0,39929.0,-0.1014893061650589,Anomaly,Nalgonda,1426.0357142857142,1.5010337957219653,
1674500,True,True,False,True,3,High,Hyderabad,1346.5357142857142,1.4262530735766976,23.667002625785745,26435.0,37703.0,-0.1009344623025384,Anomaly,Hyderabad,1346.5357142857142,1.4262530735766976,
1671149,True,True,False,True,3,High,Hyderabad,1451.5,1.1326254772454922,25.005585355051423,35883.0,40642.0,-0.100533259501781,Anomaly,Hyderabad,1451.5,1.1326254772454922,
1583059,True,True,False,True,3,High,Ranga Reddy,1586.142857142857,1.173802727561053,21.424930199045303,37836.0,44412.0,-0.1000987664638527,Anomaly,Ranga Reddy,1586.142857142857,1.173802727561053,
1678859,True,True,False,True,3,High,Hyderabad,1563.4642857142858,1.1381587499675012,21.87945724924047,38463.0,43777.0,-0.097557396633009,Anomaly,Hyderabad,1563.4642857142858,1.1381587499675012,
3310001,True,True,False,True,3,High,Medchal,1524.678571428571,1.443433865296186,21.07626900283432,29576.0,42691.0,-0.0971955627239673,Anomaly,Medchal,1524.678571428571,1.443433865296186,
1596019,True,True,False,True,3,High,Ranga Reddy,1451.75,1.4906670578312369,20.951265713793696,27269.0,40649.0,-0.0971092848740584,Anomaly,Ranga Reddy,1451.75,1.4906670578312369,
3302131,True,True,False,True,3,High,Medchal,1535.0357142857142,1.4220817893065114,21.030664712314746,30224.0,42981.0,-0.0969673624231716,Anomaly,Medchal,1535.0357142857142,1.4220817893065114,
1677756,True,True,False,True,3,High,Hyderabad,1510.678571428571,1.3177258566978194,21.99177285515024,32100.0,42299.0,-0.0965429793556444,Anomaly,Hyderabad,1510.678571428571,1.3177258566978194,
3302232,True,True,False,True,3,High,Medchal,1443.9642857142858,1.4168915367093045,19.922955158170712,28535.0,40431.0,-0.095895313253011,Anomaly,Medchal,1443.9642857142858,1.4168915367093045,
3384203,True,True,False,True,3,High,Medchal,1410.892857142857,1.3958870711282287,19.97992659157069,28301.0,39505.0,-0.095895313253011,Anomaly,Medchal,1410.892857142857,1.3958870711282287,
3302105,True,True,False,True,3,High,Medchal,1463.392857142857,1.409286328460877,20.58628431970714,29075.0,40975.0,-0.0954657830351246,Anomaly,Medchal,1463.392857142857,1.409286328460877,
3314001,True,True,False,True,3,High,Medchal,1544.5357142857142,1.240057347670251,20.416560686290374,34875.0,43247.0,-0.0952531726868473,Anomaly,Medchal,1544.5357142857142,1.240057347670251,
2084147,True,True,False,True,3,High,Karimnagar,1466.0,1.3717875881429,19.642637887351395,29923.0,41048.0,-0.0951378476366425,Anomaly,Karimnagar,1466.0,1.3717875881429,
1677797,True,True,False,True,3,High,Hyderabad,1567.2857142857142,1.2255019687787987,21.07328411266065,35809.0,43884.0,-0.094103566271665,Anomaly,Hyderabad,1567.2857142857142,1.2255019687787987,
3302086,True,True,False,True,3,High,Medchal,1522.642857142857,1.2036362609751277,20.292466106863067,35421.0,42634.0,-0.0932417099780753,Anomaly,Medchal,1522.642857142857,1.2036362609751277,
1677806,True,True,False,True,3,High,Hyderabad,1539.392857142857,1.2390192020236863,21.552049741317308,34788.0,43103.0,-0.0931895952931304,Anomaly,Hyderabad,1539.392857142857,1.2390192020236863,
1671187,True,True,False,True,3,High,Hyderabad,1424.75,1.1735306230511269,24.517258666934048,33994.0,39893.0,-0.0926888243779612,Anomaly,Hyderabad,1424.75,1.1735306230511269,
1671199,True,True,False,True,3,High,Hyderabad,1524.607142857143,1.2270127331781209,20.62018318536391,34791.0,42689.0,-0.0925613512546958,Anomaly,Hyderabad,1524.607142857143,1.2270127331781209,
1673390,True,False,True,True,3,High,Hyderabad,1372.392857142857,1.024747326595376,25.62586202409764,37499.0,38427.0,-0.0923366758417125,Anomaly,Hyderabad,1372.392857142857,,25.62586202409764
1672208,True,True,False,True,3,High,Hyderabad,1457.857142857143,1.1297464851101515,23.53780009799118,36132.0,40820.0,-0.0921169456547669,Anomaly,Hyderabad,1457.857142857143,1.1297464851101515,
3302061,True,True,False,True,3,High,Medchal,1504.2142857142858,1.1749051550993082,20.37086281399877,35848.0,42118.0,-0.0913953856693442,Anomaly,Medchal,1504.2142857142858,1.1749051550993082,
3384189,True,True,False,True,3,High,Medchal,1528.75,1.2047904528694868,21.381053615231867,35529.0,42805.0,-0.090958135554089,Anomaly,Medchal,1528.75,1.2047904528694868,
3384209,True,True,False,True,3,High,Medchal,1535.142857142857,1.1558567279767666,21.133072771263727,37188.0,42984.0,-0.0907378376308016,Anomaly,Medchal,1535.142857142857,1.1558567279767666,
3302114,True,True,False,True,3,High,Medchal,1481.5,1.1158274155369057,20.20008678462948,37176.0,41482.0,-0.0897999929051875,Anomaly,Medchal,1481.5,1.1158274155369057,
3702012,True,True,False,True,3,High,Sangareddy,1464.357142857143,1.3916909917860294,21.108897126969417,29462.0,41002.0,-0.0896387025371404,Anomaly,Sangareddy,1464.357142857143,1.3916909917860294,
1677822,True,True,False,True,3,High,Hyderabad,1507.107142857143,1.1731068608918047,21.39704732339629,35972.0,42199.0,-0.089185005744558,Anomaly,Hyderabad,1507.107142857143,1.1731068608918047,
1500024,True,True,False,True,3,High,Ranga Reddy,1498.571428571429,1.311782911807922,21.10977121067684,31987.0,41960.0,-0.0877402356101573,Anomaly,Ranga Reddy,1498.571428571429,1.311782911807922,
1481059,False,True,True,True,3,High,Mahbubnagar,14.321428571428571,0.0268101892090659,26.164588528678305,14957.0,401.0,-0.0870569673066755,Anomaly,Mahbubnagar,,0.0268101892090659,26.164588528678305
3301034,True,True,False,True,3,High,Medchal,1417.9642857142858,1.3957813323958517,20.951640933934463,28445.0,39703.0,-0.0856878482297821,Anomaly,Medchal,1417.9642857142858,1.3957813323958517,
3302112,True,True,False,True,3,High,Medchal,1453.892857142857,1.299735002075285,20.593259475791594,31321.0,40709.0,-0.0849664860013157,Anomaly,Medchal,1453.892857142857,1.299735002075285,
1583057,True,True,False,True,3,High,Ranga Reddy,1457.892857142857,1.1206863417982156,22.378016217143134,36425.0,40821.0,-0.0845125770617558,Anomaly,Ranga Reddy,1457.892857142857,1.1206863417982156,
1677762,True,True,False,True,3,High,Hyderabad,1478.0,1.1542688199034947,21.243499903344286,35853.0,41384.0,-0.0842617754836652,Anomaly,Hyderabad,1478.0,1.1542688199034947,
1671141,True,True,False,True,3,High,Hyderabad,1425.678571428571,1.2805633079908896,21.816728875973848,31173.0,39919.0,-0.08289209645767,Anomaly,Hyderabad,1425.678571428571,1.2805633079908896,
1517021,True,True,False,True,3,High,Ranga Reddy,1250.571428571429,1.4698400705200856,23.17329220927576,23823.0,35016.0,-0.0827917013438505,Anomaly,Ranga Reddy,1250.571428571429,1.4698400705200856,
1674495,True,True,False,True,3,High,Hyderabad,1398.25,1.1179930894657186,23.555822328931573,35019.0,39151.0,-0.0816763195496355,Anomaly,Hyderabad,1398.25,1.1179930894657186,
3702005,True,True,False,True,3,High,Sangareddy,1272.4642857142858,1.6718596030219135,20.918605630245025,21311.0,35629.0,-0.081515785551062,Anomaly,Sangareddy,1272.4642857142858,1.6718596030219135,
3105017,False,True,True,True,3,High,Mahabubabad,36.26923076923077,0.064673204855634,26.201484623541887,14581.0,943.0,-0.0809704041034897,Anomaly,Mahabubabad,,0.064673204855634,26.201484623541887
1585684,True,True,False,True,3,High,Ranga Reddy,1324.107142857143,1.459128655200913,20.2767902899528,25409.0,37075.0,-0.080896853535699,Anomaly,Ranga Reddy,1324.107142857143,1.459128655200913,
1585178,True,True,False,True,3,High,Ranga Reddy,1452.5357142857142,1.1978264711079696,20.477342578249857,33954.0,40671.0,-0.0796951383113373,Anomaly,Ranga Reddy,1452.5357142857142,1.1978264711079696,
3314008,True,True,False,True,3,High,Medchal,1382.928571428571,1.3366240938902312,20.348871442590774,28970.0,38722.0,-0.0795786582110454,Anomaly,Medchal,1382.928571428571,1.3366240938902312,
1677817,True,True,False,True,3,High,Hyderabad,1353.7142857142858,1.2556814417279534,22.97031975517096,30186.0,37904.0,-0.079538019174734,Anomaly,Hyderabad,1353.7142857142858,1.2556814417279534,
3302042,True,True,False,True,3,High,Medchal,1372.0,1.3553485746542475,20.54589233652645,28344.0,38416.0,-0.0786188824238208,Anomaly,Medchal,1372.0,1.3553485746542475,
3302029,True,True,False,True,3,High,Medchal,1410.678571428571,1.2243196330047734,20.06572318286539,32262.0,39499.0,-0.077952623208517,Anomaly,Medchal,1410.678571428571,1.2243196330047734,
1677825,True,True,False,True,3,High,Hyderabad,1421.857142857143,1.1681582113200903,22.31676378981212,34081.0,39812.0,-0.0778832972362308,Anomaly,Hyderabad,1421.857142857143,1.1681582113200903,
3302118,False,True,True,True,3,High,Medchal,839.2142857142857,1.4816823254934106,14.2736403098136,15859.0,23498.0,-0.0772007356064906,Anomaly,Medchal,,1.4816823254934106,14.2736403098136
3302235,True,True,False,True,3,High,Medchal,1390.2857142857142,1.2187089098991923,19.88645704891081,31942.0,38928.0,-0.0766944889310985,Anomaly,Medchal,1390.2857142857142,1.2187089098991923,
3302064,True,True,False,True,3,High,Medchal,1237.857142857143,1.5230478534077427,19.627120600115408,22757.0,34660.0,-0.0762586044945873,Anomaly,Medchal,1237.857142857143,1.5230478534077427,
3307001,True,True,False,True,3,High,Medchal,1444.75,1.2093210965292518,20.886831631770203,33451.0,40453.0,-0.0761804520982986,Anomaly,Medchal,1444.75,1.2093210965292518,
1673389,True,False,True,True,3,High,Hyderabad,1308.178571428571,0.9773727886437016,25.58003221491168,37477.0,36629.0,-0.0752263733890949,Anomaly,Hyderabad,1308.178571428571,,25.58003221491168
3313017,True,True,False,True,3,High,Medchal,1428.5357142857142,1.2545557193488692,21.03805095127378,31883.0,39999.0,-0.0750045319677281,Anomaly,Medchal,1428.5357142857142,1.2545557193488692,
1671161,True,True,False,True,3,High,Hyderabad,1281.7142857142858,1.3706603521368828,22.754848417298263,26183.0,35888.0,-0.0745280645566146,Anomaly,Hyderabad,1281.7142857142858,1.3706603521368828,
3302087,True,True,False,True,3,High,Medchal,1441.9642857142858,1.131047426954646,20.67660681114551,35697.0,40375.0,-0.074478419967105,Anomaly,Medchal,1441.9642857142858,1.131047426954646,
1585653,True,True,False,True,3,High,Ranga Reddy,1402.392857142857,1.2204954464924005,20.26144090457636,32173.0,39267.0,-0.0742716382609015,Anomaly,Ranga Reddy,1402.392857142857,1.2204954464924005,
1583239,True,True,False,True,3,High,Ranga Reddy,1437.75,1.177931882022472,20.40964304344586,34176.0,40257.0,-0.0742304271907456,Anomaly,Ranga Reddy,1437.75,1.177931882022472,
3302095,True,True,False,True,3,High,Medchal,1286.5,1.4915324417208398,20.05249569707401,24151.0,36022.0,-0.074147683059325,Anomaly,Medchal,1286.5,1.4915324417208398,
1672236,True,False,True,True,3,High,Hyderabad,1298.5357142857142,1.004170349094123,25.59833878819549,36208.0,36359.0,-0.0740801406609208,Anomaly,Hyderabad,1298.5357142857142,,25.59833878819549
1599020,True,True,False,True,3,High,Ranga Reddy,1559.6875,1.2209501443319144,24.68803846924464,20439.0,24955.0,-0.073806094526775,Anomaly,Ranga Reddy,1559.6875,1.2209501443319144,
1679905,True,True,False,True,3,High,Hyderabad,1359.2857142857142,1.3372685429183797,22.006279558591697,28461.0,38060.0,-0.0736612107917339,Anomaly,Hyderabad,1359.2857142857142,1.3372685429183797,
1678863,True,True,False,True,3,High,Hyderabad,1444.107142857143,1.1229760879828925,21.594707555335724,36007.0,40435.0,-0.0733033846122159,Anomaly,Hyderabad,1444.107142857143,1.1229760879828925,
1585327,True,True,False,True,3,High,Ranga Reddy,1427.642857142857,1.1531183291986384,20.566468204332818,34666.0,39974.0,-0.0725669105126806,Anomaly,Ranga Reddy,1427.642857142857,1.1531183291986384,
1425027,False,True,True,True,3,High,Mahbubnagar,194.28571428571428,0.2286098503950243,32.54779411764706,23796.0,5440.0,-0.0719731850260168,Anomaly,Mahbubnagar,,0.2286098503950243,32.54779411764706
1672289,True,False,True,True,3,High,Hyderabad,1239.9642857142858,1.0035843329960976,26.734957804084218,34595.0,34719.0,-0.0718912518664873,Anomaly,Hyderabad,1239.9642857142858,,26.734957804084218
2084161,True,True,False,True,3,High,Karimnagar,1283.642857142857,1.34493339320461,19.379778532079463,26724.0,35942.0,-0.0708137889185246,Anomaly,Karimnagar,1283.642857142857,1.34493339320461,
1679935,True,True,False,True,3,High,Hyderabad,1445.5,1.127346665923904,21.057147798586747,35902.0,40474.0,-0.0706950179265198,Anomaly,Hyderabad,1445.5,1.127346665923904,
1481026,False,True,True,True,3,High,Mahbubnagar,39.35714285714285,0.1544066134230068,25.5961887477314,7137.0,1102.0,-0.0703240135723668,Anomaly,Mahbubnagar,,0.1544066134230068,25.5961887477314
3302125,True,True,False,True,3,High,Medchal,1402.928571428571,1.1894265124447403,21.18318822870526,33026.0,39282.0,-0.0689310975533348,Anomaly,Medchal,1402.928571428571,1.1894265124447403,
3313013,True,True,False,True,3,High,Medchal,1387.7857142857142,1.1863951393765455,21.741571877090948,32753.0,38858.0,-0.0682536224710482,Anomaly,Medchal,1387.7857142857142,1.1863951393765455,
1585706,True,True,False,True,3,High,Ranga Reddy,1345.607142857143,1.297596087615374,20.28534649786342,29036.0,37677.0,-0.0678636399581503,Anomaly,Ranga Reddy,1345.607142857143,1.297596087615374,
1585686,True,True,False,True,3,High,Ranga Reddy,1220.607142857143,1.47594575919848,21.592620768352987,23156.0,34177.0,-0.0676207146670035,Anomaly,Ranga Reddy,1220.607142857143,1.47594575919848,
2084139,True,True,False,True,3,High,Karimnagar,1288.928571428571,1.358298833270606,19.596564145192573,26570.0,36090.0,-0.0672867664651151,Anomaly,Karimnagar,1288.928571428571,1.358298833270606,
1672294,True,False,True,True,3,High,Hyderabad,1251.857142857143,0.955981017836688,25.7628380691544,36666.0,35052.0,-0.0656479235707357,Anomaly,Hyderabad,1251.857142857143,,25.7628380691544
1585762,True,True,False,True,3,High,Ranga Reddy,1243.321428571429,1.434404614750721,19.84304713756356,24270.0,34813.0,-0.0649612584293871,Anomaly,Ranga Reddy,1243.321428571429,1.434404614750721,
3384071,True,True,False,True,3,High,Medchal,1329.5357142857142,1.2652346803521055,22.48405727026083,29423.0,37227.0,-0.0648828548888972,Anomaly,Medchal,1329.5357142857142,1.2652346803521055,
1585379,True,True,False,True,3,High,Ranga Reddy,1274.7142857142858,1.4169114728066694,20.691499495685303,25190.0,35692.0,-0.0634551435636892,Anomaly,Ranga Reddy,1274.7142857142858,1.4169114728066694,
1677730,True,True,False,True,3,High,Hyderabad,1291.0,1.1250544662309367,24.414213787761422,32130.0,36148.0,-0.0631247803744837,Anomaly,Hyderabad,1291.0,1.1250544662309367,
1599015,True,True,False,True,3,High,Ranga Reddy,1578.8333333333333,1.3399500212174078,21.80840282909321,21209.0,28419.0,-0.0618929570015693,Anomaly,Ranga Reddy,1578.8333333333333,1.3399500212174078,
3316006,True,True,False,True,3,High,Medchal,1355.25,1.1773447922807234,22.429019421825178,32231.0,37947.0,-0.0616802400283506,Anomaly,Medchal,1355.25,1.1773447922807234,
1672297,True,False,True,True,3,High,Hyderabad,1204.428571428571,0.8935640285101084,25.644585458427237,37741.0,33724.0,-0.0613517740563418,Anomaly,Hyderabad,1204.428571428571,,25.644585458427237
3301022,True,True,False,True,3,High,Medchal,1379.5,1.2154949965384858,21.19831201781184,31778.0,38626.0,-0.0605273198853545,Anomaly,Medchal,1379.5,1.2154949965384858,
1672262,True,False,True,True,3,High,Hyderabad,1159.0,0.8931579237078219,27.176167878713176,36334.0,32452.0,-0.0602647909128886,Anomaly,Hyderabad,1159.0,,27.176167878713176
1672282,True,False,True,True,3,High,Hyderabad,1166.2142857142858,1.089738027698982,26.35361670851963,29965.0,32654.0,-0.0602118580594759,Anomaly,Hyderabad,1166.2142857142858,,26.35361670851963
1585090,True,True,False,True,3,High,Ranga Reddy,1377.928571428571,1.1613738298064478,20.610751127468767,33221.0,38582.0,-0.0602001491747966,Anomaly,Ranga Reddy,1377.928571428571,1.1613738298064478,
1677752,True,True,False,True,3,High,Hyderabad,1241.642857142857,1.3927011977727035,21.42852211931197,24963.0,34766.0,-0.060163693401851,Anomaly,Hyderabad,1241.642857142857,1.3927011977727035,
3407017,False,True,True,True,3,High,Nagarkarnool,71.89285714285714,0.2591067061397863,26.469448584202684,7769.0,2013.0,-0.0600693058177587,Anomaly,Nagarkarnool,,0.2591067061397863,26.469448584202684
1672219,True,False,True,True,3,High,Hyderabad,1214.857142857143,1.0196948349770676,25.72401222953904,33359.0,34016.0,-0.0600537132679055,Anomaly,Hyderabad,1214.857142857143,,25.72401222953904
1671157,True,True,False,True,3,High,Hyderabad,1192.428571428571,1.2539151988583015,23.95513358092728,26627.0,33388.0,-0.0586284053344328,Anomaly,Hyderabad,1192.428571428571,1.2539151988583015,
1672216,True,False,True,True,3,High,Hyderabad,1178.428571428571,0.9111393383774232,25.973330100618256,36214.0,32996.0,-0.0569504836233299,Anomaly,Hyderabad,1178.428571428571,,25.973330100618256
2084140,True,True,False,True,3,High,Karimnagar,1034.5,1.6189358372456963,19.515431885659048,17892.0,28966.0,-0.0566449782722831,Anomaly,Karimnagar,1034.5,1.6189358372456963,
1671109,True,True,False,True,3,High,Hyderabad,973.75,1.4768972428362497,23.34824867045663,18461.0,27265.0,-0.0557402856999071,Anomaly,Hyderabad,973.75,1.4768972428362497,
2084158,True,True,False,True,3,High,Karimnagar,1247.7857142857142,1.336674573418012,19.745034060335453,26138.0,34938.0,-0.0557186265245418,Anomaly,Karimnagar,1247.7857142857142,1.336674573418012,
3310015,True,True,False,True,3,High,Medchal,1343.5,1.2487302904564317,21.114599393907174,30125.0,37618.0,-0.0551998215523207,Anomaly,Medchal,1343.5,1.2487302904564317,
3384049,False,True,True,True,3,High,Medchal,114.52631578947368,0.1559409488318761,7.136488970588236,13954.0,2176.0,-0.0548108150115754,Anomaly,Medchal,,0.1559409488318761,7.136488970588236
3302056,True,True,False,True,3,High,Medchal,1131.642857142857,1.441780042771989,21.615161269961497,21977.0,31686.0,-0.0543142945202171,Anomaly,Medchal,1131.642857142857,1.441780042771989,
3384048,False,True,True,True,3,High,Medchal,151.28571428571428,0.1675191141576588,4.389361032420522,18965.0,3177.0,-0.0531160141434881,Anomaly,Medchal,,0.1675191141576588,4.389361032420522
3302040,True,True,False,True,3,High,Medchal,1073.0357142857142,1.5293967930771188,21.091862206689964,19645.0,30045.0,-0.0523455012211853,Anomaly,Medchal,1073.0357142857142,1.5293967930771188,
1585656,True,True,False,True,3,High,Ranga Reddy,1340.9642857142858,1.2227106942816204,20.850720430393903,30708.0,37547.0,-0.0520783986585076,Anomaly,Ranga Reddy,1340.9642857142858,1.2227106942816204,
1673400,True,False,True,True,3,High,Hyderabad,1060.607142857143,0.7923848657879289,25.78667878910328,37478.0,29697.0,-0.0517735636435927,Anomaly,Hyderabad,1060.607142857143,,25.78667878910328
1672240,True,True,False,True,3,High,Hyderabad,1316.357142857143,1.1218042366691017,22.82326767594552,32856.0,36858.0,-0.0513668978412579,Anomaly,Hyderabad,1316.357142857143,1.1218042366691017,
2084122,True,True,False,True,3,High,Karimnagar,1298.392857142857,1.219393573488965,19.737780222802915,29814.0,36355.0,-0.0512316068961633,Anomaly,Karimnagar,1298.392857142857,1.219393573488965,
1675608,True,False,True,True,3,High,Hyderabad,1138.678571428571,0.8563332617103567,25.74848665432989,37232.0,31883.0,-0.0512305524998749,Anomaly,Hyderabad,1138.678571428571,,25.74848665432989
1673395,True,False,True,True,3,High,Hyderabad,1057.5,0.7909498878085266,25.639446133063156,37436.0,29610.0,-0.0498606206741057,Anomaly,Hyderabad,1057.5,,25.639446133063156
1673301,True,True,False,True,3,High,Hyderabad,1241.9642857142858,1.1808951371909806,23.5760460100647,29448.0,34775.0,-0.0496528600100096,Anomaly,Hyderabad,1241.9642857142858,1.1808951371909806,
1532039,True,True,False,True,3,High,Ranga Reddy,1100.321428571429,1.4741148325358853,21.113181213281838,20900.0,30809.0,-0.0492235527950224,Anomaly,Ranga Reddy,1100.321428571429,1.4741148325358853,
1672244,True,False,True,True,3,High,Hyderabad,1111.392857142857,0.8357459379615952,25.763874160480736,37235.0,31119.0,-0.049160485779134,Anomaly,Hyderabad,1111.392857142857,,25.763874160480736
3384206,True,True,False,True,3,High,Medchal,1345.7142857142858,1.123032904148784,20.44315286624204,33552.0,37680.0,-0.0489779166226215,Anomaly,Medchal,1345.7142857142858,1.123032904148784,
1672296,True,False,True,True,3,High,Hyderabad,1021.6428571428572,0.8290392696710621,27.11840173390198,34505.0,28606.0,-0.0488829494490703,Anomaly,Hyderabad,1021.6428571428572,,27.11840173390198
1596017,True,True,False,True,3,High,Ranga Reddy,1081.071428571429,1.495183996048407,20.919689461513048,20245.0,30270.0,-0.0477222535295286,Anomaly,Ranga Reddy,1081.071428571429,1.495183996048407,
1671143,True,True,False,True,3,High,Hyderabad,1101.4642857142858,1.4023735903965078,21.579877435880807,21992.0,30841.0,-0.0474196468372456,Anomaly,Hyderabad,1101.4642857142858,1.4023735903965078,
1671146,True,True,False,True,3,High,Hyderabad,1181.607142857143,1.4160068478493473,20.8664047151277,23365.0,33085.0,-0.047351265141749,Anomaly,Hyderabad,1181.607142857143,1.4160068478493473,
1500005,True,True,False,True,3,High,Ranga Reddy,1296.928571428571,1.1859181607393618,22.223632758715645,30621.0,36314.0,-0.0466129576215986,Anomaly,Ranga Reddy,1296.928571428571,1.1859181607393618,
1677808,True,True,False,True,3,High,Hyderabad,1334.5,1.1668123907069698,21.85802601295295,32024.0,37366.0,-0.046457984448385,Anomaly,Hyderabad,1334.5,1.1668123907069698,
3302196,True,True,False,True,3,High,Medchal,1220.9642857142858,1.3281662781662782,22.0637669289496,25740.0,34187.0,-0.0458901680161892,Anomaly,Medchal,1220.9642857142858,1.3281662781662782,
3306001,True,True,False,True,3,High,Medchal,1238.4642857142858,1.2765323025952513,21.68206592265767,27165.0,34677.0,-0.0456009344067548,Anomaly,Medchal,1238.4642857142858,1.2765323025952513,
3217001,True,True,False,True,3,High,Manchiryala,1133.142857142857,1.2787360954376914,18.378025718608168,24812.0,31728.0,-0.0453135098287893,Anomaly,Manchiryala,1133.142857142857,1.2787360954376914,
1672228,True,False,True,True,3,High,Hyderabad,1120.5357142857142,0.8663297989838745,25.79601593625498,36216.0,31375.0,-0.0450628980174608,Anomaly,Hyderabad,1120.5357142857142,,25.79601593625498
3501039,True,True,False,True,3,High,Nirmal,1076.071428571429,1.3597183988447132,22.335512777962165,22159.0,30130.0,-0.0442911268101198,Anomaly,Nirmal,1076.071428571429,1.3597183988447132,
2084153,True,True,False,True,3,High,Karimnagar,1214.2142857142858,1.3012094304960196,19.53373727866345,26128.0,33998.0,-0.0442832600929825,Anomaly,Karimnagar,1214.2142857142858,1.3012094304960196,
1675527,True,True,False,True,3,High,Hyderabad,1320.7142857142858,1.1548310536506152,22.290427257977285,32022.0,36980.0,-0.0439569668986884,Anomaly,Hyderabad,1320.7142857142858,1.1548310536506152,
1674486,True,True,False,True,3,High,Hyderabad,1261.142857142857,1.2171934783358036,21.8014272768464,29011.0,35312.0,-0.0425690383816808,Anomaly,Hyderabad,1261.142857142857,1.2171934783358036,
1671145,True,True,False,True,3,High,Hyderabad,1081.678571428571,1.4524049297463195,20.6321854260904,20853.0,30287.0,-0.0418229067151681,Anomaly,Hyderabad,1081.678571428571,1.4524049297463195,
1672299,True,False,True,True,3,High,Hyderabad,1007.5714285714286,0.8381212679361872,26.490854955338158,33661.0,28212.0,-0.0410690948281121,Anomaly,Hyderabad,1007.5714285714286,,26.490854955338158
4407043,True,True,False,True,3,High,Yadadri Bhuvanagiri,969.4285714285714,1.5958610147568937,19.81395520188624,17009.0,27144.0,-0.0408140896701038,Anomaly,Yadadri Bhuvanagiri,969.4285714285714,1.5958610147568937,
1673318,True,True,False,True,3,High,Hyderabad,1144.7857142857142,1.275831873905429,22.488425781493728,25124.0,32054.0,-0.039334443148064,Anomaly,Hyderabad,1144.7857142857142,1.275831873905429,
3722006,True,True,False,True,3,High,Sangareddy,954.6428571428572,1.515134338510373,21.513505424616536,17642.0,26730.0,-0.0384730717599918,Anomaly,Sangareddy,954.6428571428572,1.515134338510373,
2909032,True,True,False,True,3,High,Kamareddy,986.1428571428572,1.4902849740932642,21.49822540924236,18528.0,27612.0,-0.0376521981461643,Anomaly,Kamareddy,986.1428571428572,1.4902849740932642,
3384074,True,True,False,True,3,High,Medchal,1270.857142857143,1.146613391763872,21.850073066546763,31034.0,35584.0,-0.0375751072938993,Anomaly,Medchal,1270.857142857143,1.146613391763872,
1671162,True,True,False,True,3,High,Hyderabad,1051.7857142857142,1.1244749904543718,24.928964346349744,26190.0,29450.0,-0.0369414501404442,Anomaly,Hyderabad,1051.7857142857142,1.1244749904543718,
1585393,True,True,False,True,3,High,Ranga Reddy,1199.642857142857,1.258099554290423,19.99178326883001,26699.0,33590.0,-0.0360638645440087,Anomaly,Ranga Reddy,1199.642857142857,1.258099554290423,
1679987,True,True,False,True,3,High,Hyderabad,1125.0357142857142,1.3311781609195403,21.63997968318466,23664.0,31501.0,-0.0360468739378142,Anomaly,Hyderabad,1125.0357142857142,1.3311781609195403,
1676705,True,True,False,True,3,High,Hyderabad,1210.7857142857142,1.2938213181696752,21.328682673588578,26203.0,33902.0,-0.035993915123039,Anomaly,Hyderabad,1210.7857142857142,1.2938213181696752,
1517015,True,True,False,True,3,High,Ranga Reddy,1166.928571428571,1.2113145992437162,23.148803329864723,26974.0,32674.0,-0.035988997940706,Anomaly,Ranga Reddy,1166.928571428571,1.2113145992437162,
3302130,True,True,False,True,3,High,Medchal,1210.678571428571,1.2891804525575203,20.283607186052684,26295.0,33899.0,-0.0357831662942829,Anomaly,Medchal,1210.678571428571,1.2891804525575203,
3384089,True,True,False,True,3,High,Medchal,1305.75,1.1191000918273646,20.42827056152731,32670.0,36561.0,-0.0351255036577847,Anomaly,Medchal,1305.75,1.1191000918273646,
3384113,True,True,False,True,3,High,Medchal,1242.142857142857,1.194245098375854,22.079643473260493,29123.0,34780.0,-0.0349837472206178,Anomaly,Medchal,1242.142857142857,1.194245098375854,
2603049,True,True,False,True,3,High,Jogulamba Gadwal,1230.5,1.2470681916895905,20.71823300632728,27628.0,34454.0,-0.034789243277893,Anomaly,Jogulamba Gadwal,1230.5,1.2470681916895905,
1585708,True,True,False,True,3,High,Ranga Reddy,1220.0,1.2562518387761106,21.45974824355972,27192.0,34160.0,-0.0346495007034726,Anomaly,Ranga Reddy,1220.0,1.2562518387761106,
2382013,True,True,False,True,3,High,Nalgonda,1202.75,1.2786953715305465,20.097039522522792,26337.0,33677.0,-0.0341427079969333,Anomaly,Nalgonda,1202.75,1.2786953715305465,
1500004,True,True,False,True,3,High,Ranga Reddy,1160.928571428571,1.3368702447049146,20.980865071063803,24315.0,32506.0,-0.0337263139918955,Anomaly,Ranga Reddy,1160.928571428571,1.3368702447049146,
3723050,True,True,False,True,3,High,Sangareddy,1115.107142857143,1.313767567112682,21.554431028408544,23766.0,31223.0,-0.0332958432744127,Anomaly,Sangareddy,1115.107142857143,1.313767567112682,
1673304,True,True,False,True,3,High,Hyderabad,1147.25,1.272500396133735,22.098216231360706,25244.0,32123.0,-0.0332876585039697,Anomaly,Hyderabad,1147.25,1.272500396133735,
3722031,True,True,False,True,3,High,Sangareddy,987.8214285714286,1.5112556004808215,20.773997613796595,18302.0,27659.0,-0.0331585026005575,Anomaly,Sangareddy,987.8214285714286,1.5112556004808215,
2084151,True,True,False,True,3,High,Karimnagar,1160.2857142857142,1.277094225401942,19.87484609702044,25439.0,32488.0,-0.0330705957878341,Anomaly,Karimnagar,1160.2857142857142,1.277094225401942,
1585408,True,True,False,True,3,High,Ranga Reddy,1098.571428571429,1.3671111111111112,20.573797139141742,22500.0,30760.0,-0.0319688117529075,Anomaly,Ranga Reddy,1098.571428571429,1.3671111111111112,
1585300,True,True,False,True,3,High,Ranga Reddy,1033.571428571429,1.293581262292151,22.89429854872149,22372.0,28940.0,-0.0316763370566089,Anomaly,Ranga Reddy,1033.571428571429,1.293581262292151,
1596022,True,True,False,True,3,High,Ranga Reddy,1056.4642857142858,1.3630540963966455,21.11771069267435,21702.0,29581.0,-0.0314242266823524,Anomaly,Ranga Reddy,1056.4642857142858,1.3630540963966455,
1881047,True,False,True,True,3,High,Nizamabad,977.1071428571428,0.8457448452811525,26.578127855550274,32349.0,27359.0,-0.0313306047825107,Anomaly,Nizamabad,977.1071428571428,,26.578127855550274
1671155,True,False,True,True,3,High,Hyderabad,999.25,1.0632743026525804,25.839093605918723,26314.0,27979.0,-0.0310494183051157,Anomaly,Hyderabad,999.25,,25.839093605918723
1539013,True,True,False,True,3,High,Ranga Reddy,996.0,1.4640138589952227,20.5482644865175,19049.0,27888.0,-0.0308003584355324,Anomaly,Ranga Reddy,996.0,1.4640138589952227,
1596036,True,True,False,True,3,High,Ranga Reddy,1221.0,1.2292535596145548,21.23206973206973,27812.0,34188.0,-0.0303406082912565,Anomaly,Ranga Reddy,1221.0,1.2292535596145548,
1585685,True,True,False,True,3,High,Ranga Reddy,1158.892857142857,1.330258680769073,20.96231008659743,24393.0,32449.0,-0.0303377399319564,Anomaly,Ranga Reddy,1158.892857142857,1.330258680769073,
3302014,True,True,False,True,3,High,Medchal,1266.892857142857,1.1604998854974318,20.626899331886225,30567.0,35473.0,-0.0302867947002821,Anomaly,Medchal,1266.892857142857,1.1604998854974318,
1500017,True,True,False,True,3,High,Ranga Reddy,1196.857142857143,1.26920163611574,21.081970637383623,26404.0,33512.0,-0.0299070162058415,Anomaly,Ranga Reddy,1196.857142857143,1.26920163611574,
2084134,True,True,False,True,3,High,Karimnagar,1227.392857142857,1.222068131711827,20.11569237931737,28122.0,34367.0,-0.0298717666768147,Anomaly,Karimnagar,1227.392857142857,1.222068131711827,
2383037,True,True,False,True,3,High,Nalgonda,1045.678571428571,1.3301381064873703,19.99716520372964,22012.0,29279.0,-0.029800095612914,Anomaly,Nalgonda,1045.678571428571,1.3301381064873703,
4213020,True,True,False,True,3,High,Wanaparthy,1265.7857142857142,1.1221149279721387,20.51297895152644,31585.0,35442.0,-0.0293375225970143,Anomaly,Wanaparthy,1265.7857142857142,1.1221149279721387,
4008024,True,True,False,True,3,High,Suryapet,1110.071428571429,1.244973163502363,19.33247538768419,24966.0,31082.0,-0.0285947994014718,Anomaly,Suryapet,1110.071428571429,1.244973163502363,
1585660,True,True,False,True,3,High,Ranga Reddy,1275.178571428571,1.1381167920438608,20.888026886990616,31372.0,35705.0,-0.0283061796913355,Anomaly,Ranga Reddy,1275.178571428571,1.1381167920438608,
3911019,True,True,False,True,3,High,Rajanna Siricilla,941.1071428571428,1.3893809975746072,19.41341884558461,18966.0,26351.0,-0.0276773087966325,Anomaly,Rajanna Siricilla,941.1071428571428,1.3893809975746072,
2084119,True,True,False,True,3,High,Karimnagar,1208.0357142857142,1.143045417680454,19.381138211382115,29592.0,33825.0,-0.027617789199245,Anomaly,Karimnagar,1208.0357142857142,1.143045417680454,
3302241,True,True,False,True,3,High,Medchal,1185.357142857143,1.221433040150149,19.985477553479964,27173.0,33190.0,-0.0261472788205696,Anomaly,Medchal,1185.357142857143,1.221433040150149,
3384042,True,True,False,True,3,High,Medchal,1256.142857142857,1.1557191206913549,21.335124530876836,30433.0,35172.0,-0.0257658077415711,Anomaly,Medchal,1256.142857142857,1.1557191206913549,
3384102,True,True,False,True,3,High,Medchal,1244.928571428571,1.1811466522092708,20.453755235526994,29512.0,34858.0,-0.0248761806551448,Anomaly,Medchal,1244.928571428571,1.1811466522092708,
1596003,True,True,False,True,3,High,Ranga Reddy,1163.4642857142858,1.1460686015831134,22.95760812843417,28425.0,32577.0,-0.0238740164193377,Anomaly,Ranga Reddy,1163.4642857142858,1.1460686015831134,
1675567,True,True,False,True,3,High,Hyderabad,997.7142857142856,1.117797695262484,24.746241408934708,24992.0,27936.0,-0.0235556898881466,Anomaly,Hyderabad,997.7142857142856,1.117797695262484,
1583622,True,True,False,True,3,High,Ranga Reddy,1217.642857142857,1.1665640183398345,22.21323400011732,29226.0,34094.0,-0.0234626046682375,Anomaly,Ranga Reddy,1217.642857142857,1.1665640183398345,
1585673,True,True,False,True,3,High,Ranga Reddy,1176.357142857143,1.2334943639291465,20.23944987552371,26703.0,32938.0,-0.0231588663733324,Anomaly,Ranga Reddy,1176.357142857143,1.2334943639291465,
3301019,True,True,False,True,3,High,Medchal,1143.142857142857,1.250019526673436,21.38824668832792,25606.0,32008.0,-0.0229545648289601,Anomaly,Medchal,1143.142857142857,1.250019526673436,
1676681,True,True,False,True,3,High,Hyderabad,1095.5357142857142,1.2684005954349984,21.75022004889976,24184.0,30675.0,-0.0227311720483459,Anomaly,Hyderabad,1095.5357142857142,1.2684005954349984,
1673364,True,True,False,True,3,High,Hyderabad,1126.142857142857,1.260624475272858,21.40314601040213,25013.0,31532.0,-0.0227141698165168,Anomaly,Hyderabad,1126.142857142857,1.260624475272858,
3719047,True,True,False,True,3,High,Sangareddy,1030.75,1.3542135885885886,21.07085686566647,21312.0,28861.0,-0.0222147864172825,Anomaly,Sangareddy,1030.75,1.3542135885885886,
1539003,True,True,False,True,3,High,Ranga Reddy,950.75,1.39085684430512,21.427143984072725,19140.0,26621.0,-0.0210395323566775,Anomaly,Ranga Reddy,950.75,1.39085684430512,
1599023,True,True,False,True,3,High,Ranga Reddy,1426.8125,1.2020957295561054,19.73814008497963,18991.0,22829.0,-0.0202938386738708,Anomaly,Ranga Reddy,1426.8125,1.2020957295561054,
3911009,True,True,False,True,3,High,Rajanna Siricilla,996.2857142857144,1.3332696076088515,19.479710352738746,20923.0,27896.0,-0.0196741086779334,Anomaly,Rajanna Siricilla,996.2857142857144,1.3332696076088515,
2383055,True,True,False,True,3,High,Nalgonda,1162.821428571429,1.1970660686054635,19.742467520501243,27199.0,32559.0,-0.0188321497343956,Anomaly,Nalgonda,1162.821428571429,1.1970660686054635,
3310002,True,True,False,True,3,High,Medchal,1111.678571428571,1.249277572644084,21.27268930510489,24916.0,31127.0,-0.0188301165907451,Anomaly,Medchal,1111.678571428571,1.249277572644084,
3501029,True,True,False,True,3,High,Nirmal,1125.25,1.2823361823361823,20.84743072967912,24570.0,31507.0,-0.0183607248968845,Anomaly,Nirmal,1125.25,1.2823361823361823,
1675562,True,True,False,True,3,High,Hyderabad,963.7142857142856,1.120970422067132,24.76712125704121,24072.0,26984.0,-0.0181589726598049,Anomaly,Hyderabad,963.7142857142856,1.120970422067132,
1674421,True,True,False,True,3,High,Hyderabad,1083.5,1.2947804191028978,20.81798404641044,23431.0,30338.0,-0.0170155910767902,Anomaly,Hyderabad,1083.5,1.2947804191028978,
1596020,True,True,False,True,3,High,Ranga Reddy,926.5714285714286,1.3981461521879714,21.37970243601604,18556.0,25944.0,-0.0167599257928234,Anomaly,Ranga Reddy,926.5714285714286,1.3981461521879714,
1679908,True,True,False,True,3,High,Hyderabad,1024.5,1.2447279354334808,22.38185874642683,23046.0,28686.0,-0.0167495805196075,Anomaly,Hyderabad,1024.5,1.2447279354334808,
1585710,True,True,False,True,3,High,Ranga Reddy,1058.142857142857,1.2724617763270916,20.002396381801,23284.0,29628.0,-0.0165680064681538,Anomaly,Ranga Reddy,1058.142857142857,1.2724617763270916,
2084105,True,True,False,True,3,High,Karimnagar,1217.25,1.1671460858845284,20.22990933896664,29202.0,34083.0,-0.0161957915570795,Anomaly,Karimnagar,1217.25,1.1671460858845284,
3384186,True,True,False,True,3,High,Medchal,1217.142857142857,1.1775274687305646,20.96854460093897,28942.0,34080.0,-0.0160948801312602,Anomaly,Medchal,1217.142857142857,1.1775274687305646,
3908011,True,True,False,True,3,High,Rajanna Siricilla,933.1785714285714,1.375862250539729,21.79960962914769,18991.0,26129.0,-0.0155457646735351,Anomaly,Rajanna Siricilla,933.1785714285714,1.375862250539729,
3719043,True,True,False,True,3,High,Sangareddy,949.5714285714286,1.3475242004966803,22.17831352489845,19731.0,26588.0,-0.0151539731979307,Anomaly,Sangareddy,949.5714285714286,1.3475242004966803,
2706005,True,True,False,True,3,High,Jagityal,1017.1428571428572,1.2379917409258856,18.975351123595505,23005.0,28480.0,-0.0139779747199829,Anomaly,Jagityal,1017.1428571428572,1.2379917409258856,
3302206,True,True,False,True,3,High,Medchal,1180.857142857143,1.1792146652876352,20.13053472054198,28039.0,33064.0,-0.0128555812701576,Anomaly,Medchal,1180.857142857143,1.1792146652876352,
3316009,True,True,False,True,3,High,Medchal,1224.0357142857142,1.1178772954108092,21.001488051819216,30659.0,34273.0,-0.0125379426834651,Anomaly,Medchal,1224.0357142857142,1.1178772954108092,
3384086,True,True,False,True,3,High,Medchal,1069.607142857143,1.1878396065521757,22.35961133927677,25213.0,29949.0,-0.0118754563625415,Anomaly,Medchal,1069.607142857143,1.1878396065521757,
3722002,True,True,False,True,3,High,Sangareddy,1029.678571428571,1.252704757766674,21.655197530435988,23015.0,28831.0,-0.0115239061847548,Anomaly,Sangareddy,1029.678571428571,1.252704757766674,
3723035,True,True,False,True,3,High,Sangareddy,1056.571428571429,1.2446463881526355,21.38727014602488,23769.0,29584.0,-0.0110489768720356,Anomaly,Sangareddy,1056.571428571429,1.2446463881526355,
2084142,True,True,False,True,3,High,Karimnagar,1113.7142857142858,1.1902290076335875,20.03357491021037,26200.0,31184.0,-0.0092322733926522,Anomaly,Karimnagar,1113.7142857142858,1.1902290076335875,
1676679,True,True,False,True,3,High,Hyderabad,931.4285714285714,1.3452313405890546,21.69651073619632,19387.0,26080.0,-0.0088716048249694,Anomaly,Hyderabad,931.4285714285714,1.3452313405890546,
1677728,True,True,False,True,3,High,Hyderabad,1143.678571428571,1.1801798481609789,21.37754114230397,27134.0,32023.0,-0.0087930261500309,Anomaly,Hyderabad,1143.678571428571,1.1801798481609789,
2382020,True,True,False,True,3,High,Nalgonda,1150.0,1.1532125205930808,19.69968944099379,27922.0,32200.0,-0.0086844471726317,Anomaly,Nalgonda,1150.0,1.1532125205930808,
2706057,True,True,False,True,3,High,Jagityal,992.9642857142856,1.2177207428170989,18.515160234507068,22832.0,27803.0,-0.0086106280039147,Anomaly,Jagityal,992.9642857142856,1.2177207428170989,
3302225,True,True,False,True,3,High,Medchal,1185.7857142857142,1.1619247594050743,20.615264140714416,28575.0,33202.0,-0.0082112927426241,Anomaly,Medchal,1185.7857142857142,1.1619247594050743,
3384162,True,True,False,True,3,High,Medchal,1041.571428571429,1.2167382869539822,22.233918529694144,23969.0,29164.0,-0.0081061060239716,Anomaly,Medchal,1041.571428571429,1.2167382869539822,
3384119,True,True,False,True,3,High,Medchal,1145.857142857143,1.1373675068240632,21.865228774467024,28209.0,32084.0,-0.0077139827656583,Anomaly,Medchal,1145.857142857143,1.1373675068240632,
2084141,True,True,False,True,3,High,Karimnagar,1122.607142857143,1.1671246101292143,21.71211783794102,26932.0,31433.0,-0.0073119108109338,Anomaly,Karimnagar,1122.607142857143,1.1671246101292143,
4103003,False,True,True,True,3,High,Vikarabad,130.10714285714286,0.3951193058568329,26.030469393357123,9220.0,3643.0,-0.0065711630138628,Anomaly,Vikarabad,,0.3951193058568329,26.030469393357123
3384054,True,True,False,True,3,High,Medchal,1002.9285714285714,1.2319368282518095,21.98158963036821,22795.0,28082.0,-0.0064761282815702,Anomaly,Medchal,1002.9285714285714,1.2319368282518095,
1585657,True,True,False,True,3,High,Ranga Reddy,1136.928571428571,1.1859330179190106,20.74257083621285,26843.0,31834.0,-0.0063002156113486,Anomaly,Ranga Reddy,1136.928571428571,1.1859330179190106,
1585711,True,True,False,True,3,High,Ranga Reddy,968.3571428571428,1.36732223903177,20.847680165228294,19830.0,27114.0,-0.0062578548296788,Anomaly,Ranga Reddy,968.3571428571428,1.36732223903177,
2383045,True,True,False,True,3,High,Nalgonda,1109.75,1.2003322130799243,20.152737102951114,25887.0,31073.0,-0.0057474432931746,Anomaly,Nalgonda,1109.75,1.2003322130799243,
3384160,True,True,False,True,3,High,Medchal,1130.2142857142858,1.1304969099417712,21.894173039246667,27993.0,31646.0,-0.0056757992355163,Anomaly,Medchal,1130.2142857142858,1.1304969099417712,
1585709,True,True,False,True,3,High,Ranga Reddy,1092.25,1.2045293422607326,20.17395284962234,25390.0,30583.0,-0.0037268261052562,Anomaly,Ranga Reddy,1092.25,1.2045293422607326,
1585669,True,True,False,True,3,High,Ranga Reddy,1095.892857142857,1.1570512820512822,19.66768779533974,26520.0,30685.0,-0.0035338278622342,Anomaly,Ranga Reddy,1095.892857142857,1.1570512820512822,
1585087,True,True,False,True,3,High,Ranga Reddy,1166.107142857143,1.1259353770819684,21.24988514900003,28999.0,32651.0,-0.0027971064272783,Anomaly,Ranga Reddy,1166.107142857143,1.1259353770819684,
1585667,True,True,False,True,3,High,Ranga Reddy,1121.0,1.1834703265213784,20.75535236396075,26522.0,31388.0,-0.0013818328141705,Anomaly,Ranga Reddy,1121.0,1.1834703265213784,
3301021,True,True,False,True,3,High,Medchal,1040.571428571429,1.1971894646012244,21.658841295991213,24337.0,29136.0,-0.0005443496393713,Anomaly,Medchal,1040.571428571429,1.1971894646012244,
