district_name,total_anomalous_shops,high_priority_shops,very_high_priority_shops,average_methods_detected,average_anomaly_score,high_priority_percentage
Hyderabad,402,97,7,1.9378109452736318,-0.029286908483107867,24.129353233830848
Medchal,288,75,0,1.84375,-0.016813307497737687,26.041666666666668
Ranga Reddy,228,71,0,1.9385964912280702,-0.025145784782696724,31.140350877192986
Karimnagar,48,14,0,1.7291666666666667,0.011685656190371473,29.166666666666668
Sangareddy,101,12,0,1.4653465346534653,0.020219623124694903,11.881188118811881
Nalgonda,72,6,0,1.2777777777777777,0.03770847157615821,8.333333333333332
Rajanna Siricilla,17,3,0,1.5294117647058822,0.02347102901274771,17.647058823529413
Mahbubnagar,48,3,0,1.3333333333333333,0.024008675047952257,6.25
Jagityal,48,2,0,1.25,-0.0011198717641146144,4.166666666666666
Nirmal,24,2,0,1.375,0.022950832327479048,8.333333333333332
Yadadri Bhuvanagiri,14,1,0,1.1428571428571428,0.05703071711169542,7.142857142857142
Suryapet,28,1,0,1.1785714285714286,0.045044118936668195,3.571428571428571
Mahabubabad,44,1,0,1.1818181818181819,0.041725917968791215,2.272727272727273
Manchiryala,22,1,0,1.4090909090909092,0.024801548049924252,4.545454545454546
Khammam,35,1,0,1.4,0.010873905921739402,2.857142857142857
Jogulamba Gadwal,10,1,0,1.4,0.025993688027872074,10.0
Kamareddy,35,1,0,1.1428571428571428,0.04780182541611989,2.857142857142857
Nizamabad,42,1,0,1.3095238095238095,0.006909523104144664,2.380952380952381
Wanaparthy,19,1,0,1.368421052631579,0.03007415258808658,5.263157894736842
Vikarabad,66,1,0,1.1515151515151516,0.04503994389796228,1.5151515151515151
Nagarkarnool,31,1,0,1.1935483870967742,0.04698259544201114,3.225806451612903
Adilabad,53,0,0,1.1886792452830188,0.03136915114506057,0.0
Hanumakonda,12,0,0,1.0,0.042170130464352584,0.0
Bhadrdri Kothagudem,36,0,0,1.5555555555555556,-0.013079590495000253,0.0
Janagaon,13,0,0,1.1538461538461537,0.03847647346057716,0.0
Medak,12,0,0,1.1666666666666667,0.04319109213828908,0.0
Kumarambheem Asifabad,19,0,0,1.105263157894737,0.0496851440014559,0.0
Jayashankar Bhupalpalli,5,0,0,1.0,0.04879137715686726,0.0
Mulugu,15,0,0,1.6,-0.0008328118661597282,0.0
Peddapalli,23,0,0,1.391304347826087,0.014701254429924449,0.0
Narayanpet,39,0,0,1.0256410256410255,0.06902311261288613,0.0
Siddipet,19,0,0,1.0526315789473684,0.051953483595862104,0.0
Warangal,18,0,0,1.1666666666666667,0.036804876144924725,0.0
