shopNo,district_code,district_name,transaction_months,total_transactions,total_ration_cards,total_rice,total_wheat,total_sugar,transactions_per_month,transactions_per_ration_card,rice_per_transaction
1407033,538.0,Mahbubnagar,28,5575.0,10441.0,146006.0,0.0,0.0,199.10714285714286,0.5339526865242793,26.189417040358745
1407042,538.0,Mahbubnagar,28,3778.0,6525.0,116275.0,0.0,0.0,134.92857142857142,0.5790038314176246,30.77686606670196
1408011,538.0,Mahbubnagar,28,11025.0,16391.0,291486.0,0.0,0.0,393.75,0.6726252211579525,26.43863945578231
1408034,538.0,Mahbubnagar,28,3269.0,5479.0,88304.0,0.0,0.0,116.75,0.5966417229421427,27.012542061792598
1409018,538.0,Mahbubnagar,28,8714.0,13413.0,224352.0,0.0,0.0,311.2142857142857,0.6496682323119362,25.7461556116594
1409034,538.0,Mahbubnagar,28,12041.0,19070.0,319469.0,0.0,0.0,430.0357142857143,0.6314105925537493,26.531766464579356
1425027,538.0,Mahbubnagar,28,5440.0,23796.0,177060.0,0.0,0.0,194.28571428571428,0.22860985039502438,32.54779411764706
1465004,538.0,Mahbubnagar,26,4565.0,7895.0,130329.0,0.0,0.0,175.57692307692307,0.578214059531349,28.549616648411828
1465010,538.0,Mahbubnagar,26,10618.0,14584.0,273735.0,0.0,150.0,408.38461538461536,0.7280581459133296,25.78027877189678
1465012,538.0,Mahbubnagar,26,2859.0,4078.0,76731.0,0.0,152.0,109.96153846153847,0.7010789602746444,26.83840503672613
1465015,538.0,Mahbubnagar,26,6832.0,11835.0,186248.0,0.0,0.0,262.7692307692308,0.5772708069286016,27.261124121779858
1465017,538.0,Mahbubnagar,26,3578.0,7424.0,97571.0,0.0,0.0,137.6153846153846,0.48195043103448276,27.269703745109
1481017,538.0,Mahbubnagar,28,20444.0,30513.0,529939.0,50.0,100.0,730.1428571428571,0.670009504145774,25.921492858540404
1481022,538.0,Mahbubnagar,28,22941.0,30577.0,593020.0,17.0,50.0,819.3214285714286,0.7502698106419858,25.849788588117345
1481026,538.0,Mahbubnagar,28,1102.0,7137.0,28207.0,503.0,55.0,39.357142857142854,0.15440661342300688,25.596188747731397
1481059,538.0,Mahbubnagar,28,401.0,14957.0,10492.0,0.0,6.0,14.321428571428571,0.02681018920906599,26.164588528678305
1486004,538.0,Mahbubnagar,28,11611.0,15319.0,299510.0,0.0,0.0,414.67857142857144,0.7579476467132319,25.795366462836967
1486017,538.0,Mahbubnagar,28,5464.0,8242.0,140622.0,0.0,0.0,195.14285714285714,0.6629458869206504,25.736090775988288
1490016,538.0,Mahbubnagar,28,7033.0,10399.0,183982.0,0.0,100.0,251.17857142857142,0.6763150302913742,26.15981800085312
1504003,537.0,Ranga Reddy,28,6606.0,7610.0,169068.0,0.0,0.0,235.92857142857142,0.8680683311432326,25.59309718437784
1504021,537.0,Ranga Reddy,28,10387.0,11868.0,265696.0,0.0,0.0,370.9642857142857,0.8752106504887092,25.57966689130644
1504029,537.0,Ranga Reddy,28,6847.0,9255.0,188563.0,0.0,0.0,244.53571428571428,0.7398163155051324,27.539506353147363
1504030,537.0,Ranga Reddy,28,6804.0,8280.0,183541.0,0.0,0.0,243.0,0.8217391304347826,26.975455614344504
1517020,537.0,Ranga Reddy,28,1557.0,1950.0,40394.0,0.0,0.0,55.607142857142854,0.7984615384615384,25.943481053307643
1517022,537.0,Ranga Reddy,28,7011.0,7739.0,179993.0,0.0,0.0,250.39285714285714,0.9059309988370591,25.672942518898875
1518039,537.0,Ranga Reddy,28,4095.0,4532.0,104868.0,0.0,0.0,146.25,0.9035745807590467,25.60879120879121
1533028,537.0,Ranga Reddy,28,14236.0,17640.0,369953.0,0.0,1131.0,508.42857142857144,0.8070294784580498,25.987145265524024
1533037,537.0,Ranga Reddy,28,2192.0,3660.0,58666.0,0.0,646.0,78.28571428571429,0.5989071038251366,26.763686131386862
1533048,537.0,Ranga Reddy,14,2662.0,3528.0,68966.0,0.0,37.0,190.14285714285714,0.7545351473922902,25.907588279489104
1537036,537.0,Ranga Reddy,28,4454.0,6298.0,116877.0,0.0,298.0,159.07142857142858,0.7072086376627501,26.24090704984284
1537039,537.0,Ranga Reddy,28,5201.0,7710.0,139225.0,0.0,0.0,185.75,0.6745784695201038,26.76889059796193
1537044,537.0,Ranga Reddy,28,3252.0,4656.0,86481.0,0.0,3.0,116.14285714285714,0.6984536082474226,26.593173431734318
1537046,537.0,Ranga Reddy,14,1718.0,2536.0,44579.0,0.0,34.0,122.71428571428571,0.6774447949526814,25.948195576251454
1592021,537.0,Ranga Reddy,28,6620.0,9643.0,169943.0,0.0,0.0,236.42857142857142,0.6865083480244737,25.671148036253776
1596031,537.0,Ranga Reddy,28,6292.0,7513.0,163743.0,0.0,0.0,224.71428571428572,0.8374816983894583,26.023998728544182
1597003,537.0,Ranga Reddy,28,5342.0,7539.0,138899.0,0.0,0.0,190.78571428571428,0.7085820400583632,26.001310370647698
1597010,537.0,Ranga Reddy,28,3817.0,5492.0,101033.0,0.0,0.0,136.32142857142858,0.6950109249817917,26.469216662300237
1598019,537.0,Ranga Reddy,28,3634.0,4935.0,94789.0,0.0,0.0,129.78571428571428,0.7363728470111449,26.083929554210236
1671155,536.0,Hyderabad,28,27979.0,26314.0,722952.0,124195.0,1544.0,999.25,1.0632743026525804,25.839093605918723
1671156,536.0,Hyderabad,28,30225.0,26284.0,787408.0,123546.0,1806.0,1079.4642857142858,1.1499391264647694,26.051546732837057
1671183,536.0,Hyderabad,28,47429.0,37359.0,1226198.0,207542.0,2735.0,1693.892857142857,1.269546829411922,25.85333867465053
1672215,536.0,Hyderabad,28,46354.0,42203.0,1219931.0,195159.0,898.0,1655.5,1.0983579366395755,26.317707209733786
1672216,536.0,Hyderabad,28,32996.0,36214.0,857016.0,144382.0,1487.0,1178.4285714285713,0.9111393383774231,25.973330100618256
1672219,536.0,Hyderabad,28,34016.0,33359.0,875028.0,129654.0,1113.0,1214.857142857143,1.0196948349770676,25.724012229539042
1672225,536.0,Hyderabad,28,25563.0,36084.0,667279.0,114867.0,986.0,912.9642857142857,0.7084303292317925,26.103313382623323
1672228,536.0,Hyderabad,28,31375.0,36216.0,809350.0,130417.0,1169.0,1120.5357142857142,0.8663297989838745,25.79601593625498
1672231,536.0,Hyderabad,28,20350.0,36022.0,523544.0,94750.0,741.0,726.7857142857143,0.5649325412248071,25.72697788697789
1672236,536.0,Hyderabad,28,36359.0,36208.0,930730.0,132400.0,2308.0,1298.5357142857142,1.004170349094123,25.598338788195495
1672244,536.0,Hyderabad,28,31119.0,37235.0,801746.0,139045.0,2041.0,1111.392857142857,0.8357459379615952,25.763874160480736
1672262,536.0,Hyderabad,28,32452.0,36334.0,881921.0,137907.0,1694.0,1159.0,0.8931579237078219,27.176167878713176
1672279,536.0,Hyderabad,28,35279.0,29967.0,944927.0,128729.0,1543.0,1259.9642857142858,1.177261654486602,26.784404319850335
1672282,536.0,Hyderabad,28,32654.0,29965.0,860551.0,122212.0,464.0,1166.2142857142858,1.089738027698982,26.35361670851963
1672289,536.0,Hyderabad,28,34719.0,34595.0,928211.0,142689.0,1381.0,1239.9642857142858,1.0035843329960976,26.734957804084218
1672294,536.0,Hyderabad,28,35052.0,36666.0,903039.0,145435.0,550.0,1251.857142857143,0.955981017836688,25.762838069154398
1672296,536.0,Hyderabad,28,28606.0,34505.0,775749.0,121847.0,715.0,1021.6428571428571,0.8290392696710621,27.11840173390198
1672297,536.0,Hyderabad,28,33724.0,37741.0,864838.0,148882.0,909.0,1204.4285714285713,0.8935640285101084,25.644585458427233
1672299,536.0,Hyderabad,28,28212.0,33661.0,747360.0,119847.0,590.0,1007.5714285714286,0.8381212679361872,26.490854955338154
1672306,536.0,Hyderabad,28,45965.0,36039.0,1253685.0,160063.0,2072.0,1641.607142857143,1.2754238463886345,27.2747742847819
1673311,536.0,Hyderabad,28,15544.0,30960.0,397588.0,69519.0,1533.0,555.1428571428571,0.5020671834625323,25.578229541945444
1673340,536.0,Hyderabad,28,23535.0,22920.0,607197.0,104142.0,352.0,840.5357142857143,1.0268324607329844,25.79974506054812
1673358,536.0,Hyderabad,28,41167.0,37404.0,1060552.0,180854.0,1201.0,1470.25,1.1006042134531067,25.762188160419754
1673370,536.0,Hyderabad,28,42482.0,37490.0,1104336.0,186747.0,598.0,1517.2142857142858,1.1331555081355027,25.99538628124853
1673389,536.0,Hyderabad,28,36629.0,37477.0,936971.0,157236.0,1986.0,1308.1785714285713,0.9773727886437015,25.580032214911682
1673390,536.0,Hyderabad,28,38427.0,37499.0,984725.0,171489.0,1055.0,1372.392857142857,1.024747326595376,25.62586202409764
1673395,536.0,Hyderabad,28,29610.0,37436.0,759184.0,133395.0,1553.0,1057.5,0.7909498878085266,25.639446133063153
1673400,536.0,Hyderabad,28,29697.0,37478.0,765787.0,138561.0,1881.0,1060.607142857143,0.7923848657879289,25.786678789103277
1675564,536.0,Hyderabad,28,23358.0,21574.0,603822.0,99265.0,731.0,834.2142857142857,1.0826921294150367,25.850757770357053
1675565,536.0,Hyderabad,28,27845.0,20660.0,722854.0,108314.0,979.0,994.4642857142857,1.3477734753146176,25.959920991201294
1675569,536.0,Hyderabad,28,21913.0,23646.0,561572.0,89782.0,699.0,782.6071428571429,0.9267106487355156,25.6273444986994
1675595,536.0,Hyderabad,28,54255.0,41138.0,1412423.0,192788.0,951.0,1937.6785714285713,1.3188536146628422,26.033047645378307
1675608,536.0,Hyderabad,28,31883.0,37232.0,820939.0,127702.0,1898.0,1138.6785714285713,0.8563332617103567,25.748486654329895
1747001,535.0,Medak,28,1737.0,2222.0,44558.0,0.0,0.0,62.035714285714285,0.7817281728172817,25.652274035693726
1821035,533.0,Nizamabad,28,4035.0,4982.0,128955.0,0.0,0.0,144.10714285714286,0.8099156965074268,31.95910780669145
1821036,533.0,Nizamabad,28,5835.0,6604.0,177722.0,0.0,0.0,208.39285714285714,0.8835554209569958,30.457926306769494
1881038,533.0,Nizamabad,28,16732.0,19179.0,430829.0,0.0,0.0,597.5714285714286,0.8724125345429897,25.748804685632322
1881047,533.0,Nizamabad,28,27359.0,32349.0,727151.0,0.0,0.0,977.1071428571429,0.8457448452811525,26.578127855550274
1888019,533.0,Nizamabad,28,5052.0,5550.0,142228.0,0.0,0.0,180.42857142857142,0.9102702702702703,28.152810768012667
1892006,533.0,Nizamabad,28,14342.0,16410.0,412505.0,0.0,0.0,512.2142857142857,0.8739792809262644,28.762027611211824
1906011,532.0,Adilabad,28,12202.0,15923.0,312072.0,0.0,0.0,435.7857142857143,0.7663128807385543,25.575479429601703
1909018,532.0,Adilabad,28,17947.0,21090.0,473675.0,0.0,3.0,640.9642857142857,0.8509720246562352,26.392990471945172
1909020,532.0,Adilabad,28,18249.0,19496.0,515284.0,0.0,35.0,651.75,0.9360381616741896,28.236286919831223
1926005,532.0,Adilabad,28,14886.0,17070.0,409049.0,0.0,522.0,531.6428571428571,0.8720562390158172,27.47877200053742
1926009,532.0,Adilabad,28,13850.0,16320.0,390179.0,0.0,591.0,494.64285714285717,0.8486519607843137,28.171768953068593
1926011,532.0,Adilabad,28,11781.0,14559.0,313722.0,0.0,0.0,420.75,0.8091901916340408,26.629488158899925
1926015,532.0,Adilabad,28,9786.0,13591.0,269336.0,0.0,220.0,349.5,0.7200353174895151,27.522583282239935
1926018,532.0,Adilabad,28,6441.0,8967.0,164930.0,0.0,0.0,230.03571428571428,0.7183004349280696,25.60627231796305
1926020,532.0,Adilabad,28,2039.0,2640.0,54118.0,0.0,28.0,72.82142857142857,0.7723484848484848,26.541441883276114
1926026,532.0,Adilabad,28,15377.0,18930.0,412661.0,0.0,0.0,549.1785714285714,0.8123085050184892,26.8362489432269
1926027,532.0,Adilabad,28,7692.0,9300.0,200931.0,0.0,0.0,274.7142857142857,0.8270967741935484,26.12207488299532
1926031,532.0,Adilabad,28,10182.0,14400.0,285767.0,0.0,0.0,363.64285714285717,0.7070833333333333,28.065900608917698
1926032,532.0,Adilabad,28,11339.0,13531.0,290059.0,0.0,252.0,404.9642857142857,0.8380016258960905,25.580650851045064
1988013,532.0,Adilabad,28,6943.0,8401.0,198038.0,0.0,0.0,247.96428571428572,0.8264492322342578,28.523404868212587
1988014,532.0,Adilabad,28,5086.0,6181.0,143342.0,0.0,16.0,181.64285714285714,0.8228441999676428,28.183641368462446
1988016,532.0,Adilabad,28,2707.0,3360.0,75701.0,0.0,0.0,96.67857142857143,0.8056547619047619,27.964905799778354
1988018,532.0,Adilabad,28,8222.0,9992.0,226640.0,0.0,541.0,293.64285714285717,0.8228582866293035,27.565069326198007
1988020,532.0,Adilabad,28,7197.0,8281.0,187685.0,0.0,81.0,257.0357142857143,0.869097935032001,26.078227039044044
1990003,532.0,Adilabad,28,10377.0,11843.0,282307.0,0.0,0.0,370.60714285714283,0.8762137971797687,27.205068902380265
1990007,532.0,Adilabad,28,10391.0,12433.0,293959.0,0.0,6.0,371.10714285714283,0.8357596718410681,28.289769993263402
1990010,532.0,Adilabad,28,10639.0,12899.0,302873.0,0.0,123.0,379.9642857142857,0.8247926195829134,28.468183099915407
2230030,541.0,Khammam,28,6983.0,9971.0,99591.0,0.0,126.0,249.39285714285714,0.7003309597833718,14.261921810110268
2383056,539.0,Nalgonda,28,2825.0,5208.0,85008.0,0.0,512.0,100.89285714285714,0.5424347158218126,30.09132743362832
2401036,921.0,Kumarambheem Asifabad,24,4201.0,4862.0,117744.0,0.0,0.0,175.04166666666666,0.8640477169888935,28.02761247322066
2403003,921.0,Kumarambheem Asifabad,28,13527.0,15549.0,347223.0,0.0,0.0,483.10714285714283,0.869959482924947,25.66888445331559
2403009,921.0,Kumarambheem Asifabad,28,11469.0,14281.0,294611.0,0.0,0.0,409.60714285714283,0.8030950213570478,25.68759264103235
2404006,921.0,Kumarambheem Asifabad,28,12049.0,15124.0,312266.0,0.0,0.0,430.32142857142856,0.7966807722824649,25.916341605112457
2404012,921.0,Kumarambheem Asifabad,28,13349.0,14364.0,367314.0,0.0,0.0,476.75,0.9293372319688109,27.516218443329088
2404021,921.0,Kumarambheem Asifabad,28,4443.0,4950.0,120618.0,0.0,0.0,158.67857142857142,0.8975757575757576,27.147873058744093
2405013,921.0,Kumarambheem Asifabad,28,6471.0,7834.0,168048.0,0.0,0.0,231.10714285714286,0.8260148072504467,25.969401947148818
2405026,921.0,Kumarambheem Asifabad,23,3049.0,4290.0,80059.0,0.0,0.0,132.56521739130434,0.7107226107226107,26.257461462774682
2405028,921.0,Kumarambheem Asifabad,28,13659.0,14838.0,351519.0,0.0,0.0,487.82142857142856,0.9205418520016174,25.735339336701077
2407006,921.0,Kumarambheem Asifabad,28,3663.0,5464.0,97248.0,0.0,0.0,130.82142857142858,0.6703879941434846,26.54873054873055
2407013,921.0,Kumarambheem Asifabad,28,10938.0,13298.0,287561.0,0.0,0.0,390.64285714285717,0.8225297037148444,26.29008959590419
2407016,921.0,Kumarambheem Asifabad,23,3271.0,3751.0,90037.0,0.0,4.0,142.2173913043478,0.8720341242335378,27.525833078569246
2409021,921.0,Kumarambheem Asifabad,28,4992.0,6001.0,131125.0,0.0,0.0,178.28571428571428,0.8318613564405932,26.267027243589745
2410015,921.0,Kumarambheem Asifabad,28,11445.0,13570.0,301017.0,0.0,0.0,408.75,0.8434045689019897,26.301179554390565
2413016,921.0,Kumarambheem Asifabad,24,3235.0,4045.0,83663.0,0.0,0.0,134.79166666666666,0.799752781211372,25.861823802163833
2415006,921.0,Kumarambheem Asifabad,23,6008.0,9271.0,160293.0,0.0,0.0,261.2173913043478,0.6480422823859346,26.67992676431425
2606013,923.0,Jogulamba Gadwal,28,4567.0,6263.0,117241.0,0.0,0.0,163.10714285714286,0.729203257224972,25.67133785855047
2607019,923.0,Jogulamba Gadwal,28,5738.0,7719.0,165218.0,0.0,459.0,204.92857142857142,0.7433605389299132,28.79365632624608
2608021,923.0,Jogulamba Gadwal,28,8059.0,9382.0,210299.0,0.0,467.0,287.82142857142856,0.8589852909827329,26.094924928651196
2608029,923.0,Jogulamba Gadwal,28,5119.0,8144.0,135035.0,0.0,0.0,182.82142857142858,0.6285609037328095,26.37917562023833
2713016,924.0,Jagityal,2,947.0,1062.0,13820.0,0.0,0.0,473.5,0.891713747645951,14.593453009503696
2713017,924.0,Jagityal,3,1112.0,1155.0,16495.0,0.0,0.0,370.6666666666667,0.9627705627705627,14.83363309352518
2713022,924.0,Jagityal,3,884.0,969.0,13010.0,0.0,0.0,294.6666666666667,0.9122807017543859,14.717194570135746
2713023,924.0,Jagityal,3,1001.0,1112.0,14285.0,0.0,0.0,333.6666666666667,0.9001798561151079,14.270729270729271
2713025,924.0,Jagityal,2,787.0,871.0,11260.0,0.0,0.0,393.5,0.9035591274397244,14.307496823379923
2907006,926.0,Kamareddy,28,8587.0,9727.0,224681.0,0.0,88.0,306.67857142857144,0.8828004523491313,26.165249796203565
2907008,926.0,Kamareddy,28,9142.0,11133.0,241930.0,0.0,95.0,326.5,0.8211623102488098,26.463574710129073
2907012,926.0,Kamareddy,28,16902.0,19682.0,454462.0,0.0,39.0,603.6428571428571,0.8587541916471904,26.888060584546206
2907017,926.0,Kamareddy,28,8529.0,8948.0,222254.0,0.0,68.0,304.60714285714283,0.95317389360751,26.058623519756125
2907018,926.0,Kamareddy,28,7250.0,9004.0,190414.0,0.0,52.0,258.92857142857144,0.805197689915593,26.264
2907021,926.0,Kamareddy,28,7844.0,9024.0,207503.0,0.0,46.0,280.14285714285717,0.8692375886524822,26.453722590515042
2907025,926.0,Kamareddy,28,6658.0,7312.0,176928.0,0.0,163.0,237.78571428571428,0.9105579868708972,26.57374586963052
2907026,926.0,Kamareddy,28,4657.0,8974.0,122043.0,0.0,196.0,166.32142857142858,0.5189436148874527,26.206356023190896
2908012,926.0,Kamareddy,28,8982.0,11465.0,234048.0,0.0,21.0,320.7857142857143,0.7834278238116005,26.057448229792918
2910013,926.0,Kamareddy,28,5606.0,7033.0,144456.0,0.0,114.0,200.21428571428572,0.797099388596616,25.768105601141635
2910014,926.0,Kamareddy,28,15760.0,17382.0,410217.0,0.0,299.0,562.8571428571429,0.906685076515936,26.028997461928935
2911006,926.0,Kamareddy,28,4108.0,4612.0,119468.0,0.0,0.0,146.71428571428572,0.8907198612315698,29.081791626095423
2913018,926.0,Kamareddy,28,11398.0,14067.0,295007.0,0.0,0.0,407.07142857142856,0.8102651595933745,25.882347780312337
2915022,926.0,Kamareddy,28,3093.0,4050.0,79945.0,0.0,0.0,110.46428571428571,0.7637037037037037,25.847074038150662
2919024,926.0,Kamareddy,28,14491.0,15991.0,376178.0,0.0,162.0,517.5357142857143,0.9061972359452192,25.959423090193912
2920027,926.0,Kamareddy,28,16732.0,20325.0,448448.0,0.0,204.0,597.5714285714286,0.8232226322263223,26.80181687783887
3002023,927.0,Bhadrdri Kothagudem,28,8007.0,10259.0,231776.0,0.0,221.0,285.9642857142857,0.780485427429574,28.94667166229549
3007021,927.0,Bhadrdri Kothagudem,28,8103.0,8821.0,207628.0,0.0,0.0,289.39285714285717,0.9186033329554473,25.623596198938664
3008007,927.0,Bhadrdri Kothagudem,28,3149.0,3420.0,94926.0,0.0,70.0,112.46428571428571,0.9207602339181287,30.144807875516037
3105017,928.0,Mahabubabad,26,943.0,14581.0,24708.0,0.0,150.0,36.26923076923077,0.06467320485563405,26.201484623541887
3209017,929.0,Manchiryala,28,4650.0,5580.0,124992.0,0.0,1011.0,166.07142857142858,0.8333333333333334,26.88
3302118,930.0,Medchal,28,23498.0,15859.0,335402.0,37750.0,453.0,839.2142857142857,1.4816823254934106,14.2736403098136
3384048,930.0,Medchal,21,3177.0,18965.0,13945.0,14301.0,153.0,151.28571428571428,0.16751911415765885,4.389361032420522
3384049,930.0,Medchal,19,2176.0,13954.0,15529.0,9334.0,135.0,114.52631578947368,0.15594094883187617,7.1364889705882355
3402018,931.0,Nagarkarnool,28,4851.0,6931.0,129120.0,0.0,742.0,173.25,0.6998990044726591,26.617192331478044
3402023,931.0,Nagarkarnool,28,5095.0,8734.0,132952.0,0.0,639.0,181.96428571428572,0.5833524158461186,26.0946025515211
3403011,931.0,Nagarkarnool,28,2004.0,2970.0,67278.0,0.0,0.0,71.57142857142857,0.6747474747474748,33.57185628742515
3403012,931.0,Nagarkarnool,28,7075.0,10439.0,195773.0,0.0,2380.0,252.67857142857142,0.6777469106236229,27.671095406360426
3407017,931.0,Nagarkarnool,28,2013.0,7769.0,53283.0,0.0,0.0,71.89285714285714,0.2591067061397863,26.469448584202684
3409006,931.0,Nagarkarnool,28,8731.0,14818.0,228973.0,0.0,0.0,311.82142857142856,0.5892158185990012,26.225289199404422
3409019,931.0,Nagarkarnool,28,3735.0,4100.0,115587.0,0.0,0.0,133.39285714285714,0.9109756097560976,30.94698795180723
3411013,931.0,Nagarkarnool,28,6857.0,8213.0,175427.0,0.0,484.0,244.89285714285714,0.8348958967490564,25.583637159107482
3522011,932.0,Nirmal,28,2354.0,3000.0,77001.0,0.0,0.0,84.07142857142857,0.7846666666666666,32.7107051826678
3522012,932.0,Nirmal,28,3601.0,4381.0,101994.0,0.0,2.0,128.60714285714286,0.8219584569732937,28.32379894473757
3710002,934.0,Sangareddy,28,10635.0,15610.0,273409.0,0.0,0.0,379.82142857142856,0.6812940422805893,25.70841560883874
3710024,934.0,Sangareddy,28,2581.0,3458.0,69471.0,0.0,0.0,92.17857142857143,0.7463851937536148,26.916311507167766
3710025,934.0,Sangareddy,28,3522.0,4020.0,91565.0,0.0,0.0,125.78571428571429,0.8761194029850746,25.99801249290176
3714021,934.0,Sangareddy,28,6177.0,9152.0,168056.0,0.0,0.0,220.60714285714286,0.6749344405594405,27.206734660838595
3717039,934.0,Sangareddy,28,7844.0,8855.0,202104.0,0.0,0.0,280.14285714285717,0.8858272162619989,25.76542580316165
3717050,934.0,Sangareddy,28,5508.0,6931.0,141095.0,0.0,0.0,196.71428571428572,0.7946905208483624,25.61637618010167
4102013,938.0,Vikarabad,28,4293.0,5220.0,114084.0,0.0,0.0,153.32142857142858,0.8224137931034483,26.57442348008386
4103003,938.0,Vikarabad,28,3643.0,9220.0,94829.0,0.0,0.0,130.10714285714286,0.39511930585683297,26.030469393357123
4103005,938.0,Vikarabad,28,7113.0,10548.0,182453.0,0.0,0.0,254.03571428571428,0.6743458475540387,25.650639673836636
4103006,938.0,Vikarabad,28,9373.0,13695.0,248494.0,0.0,0.0,334.75,0.6844103687477181,26.511682492265017
4103008,938.0,Vikarabad,28,16088.0,19955.0,414085.0,0.0,0.0,574.5714285714286,0.8062139814582812,25.738749378418696
4103009,938.0,Vikarabad,28,11050.0,12924.0,312435.0,0.0,0.0,394.64285714285717,0.8549984524914888,28.274660633484164
4103010,938.0,Vikarabad,28,9526.0,12796.0,259035.0,0.0,0.0,340.2142857142857,0.7444513910597061,27.192420743229057
4103011,938.0,Vikarabad,28,14007.0,19103.0,364101.0,0.0,0.0,500.25,0.7332356174422866,25.994217177125723
4103014,938.0,Vikarabad,28,9122.0,14023.0,243373.0,0.0,0.0,325.7857142857143,0.6505027454895529,26.679785134838852
4103023,938.0,Vikarabad,28,5463.0,12666.0,148619.0,0.0,0.0,195.10714285714286,0.4313121743249645,27.20464946000366
4103031,938.0,Vikarabad,28,12928.0,14196.0,332142.0,0.0,0.0,461.7142857142857,0.9106790645252184,25.691676980198018
4103032,938.0,Vikarabad,28,18565.0,31357.0,516329.0,0.0,0.0,663.0357142857143,0.5920528111745383,27.811957985456505
4103035,938.0,Vikarabad,28,6316.0,14051.0,170638.0,0.0,0.0,225.57142857142858,0.44950537328304035,27.016782773907536
4103036,938.0,Vikarabad,28,8660.0,16514.0,226172.0,0.0,0.0,309.2857142857143,0.5244035363933632,26.11685912240185
4106021,938.0,Vikarabad,28,8771.0,16334.0,224995.0,0.0,0.0,313.25,0.5369780825272438,25.652149127807547
4106022,938.0,Vikarabad,28,8055.0,10382.0,210145.0,0.0,0.0,287.67857142857144,0.7758620689655172,26.088764742396027
4106024,938.0,Vikarabad,28,8112.0,11877.0,208125.0,0.0,0.0,289.7142857142857,0.6830007577671129,25.656434911242602
4106034,938.0,Vikarabad,28,3957.0,5070.0,101970.0,0.0,0.0,141.32142857142858,0.7804733727810651,25.769522365428355
4107007,938.0,Vikarabad,28,10898.0,12332.0,287980.0,0.0,0.0,389.2142857142857,0.8837171586117418,26.425032115984585
4107014,938.0,Vikarabad,28,10012.0,9004.0,258683.0,0.0,0.0,357.57142857142856,1.1119502443358507,25.837295245705153
4107016,938.0,Vikarabad,28,13276.0,13301.0,340075.0,0.0,0.0,474.14285714285717,0.9981204420720247,25.6157728231395
4107026,938.0,Vikarabad,28,3451.0,3813.0,94480.0,0.0,0.0,123.25,0.9050616312614739,27.37757171834251
4107027,938.0,Vikarabad,28,4998.0,5737.0,128122.0,0.0,0.0,178.5,0.8711870315495904,25.634653861544617
4107028,938.0,Vikarabad,28,6551.0,9065.0,169494.0,0.0,0.0,233.96428571428572,0.722669608383894,25.872996489085637
4107030,938.0,Vikarabad,28,3924.0,4743.0,101126.0,0.0,0.0,140.14285714285714,0.8273244781783681,25.771151885830786
4107031,938.0,Vikarabad,28,10094.0,15668.0,262431.0,0.0,0.0,360.5,0.6442430431452643,25.998712106201705
4107037,938.0,Vikarabad,28,2912.0,4410.0,76414.0,0.0,0.0,104.0,0.6603174603174603,26.241071428571427
4107043,938.0,Vikarabad,28,12767.0,19446.0,333815.0,0.0,0.0,455.9642857142857,0.6565360485446878,26.14670635231456
4109001,938.0,Vikarabad,28,5918.0,12290.0,152605.0,0.0,0.0,211.35714285714286,0.48152969894222947,25.786583305170666
4109020,938.0,Vikarabad,28,12356.0,17181.0,323329.0,0.0,0.0,441.2857142857143,0.7191665211570921,26.167772741987697
4109034,938.0,Vikarabad,28,3226.0,4140.0,86187.0,0.0,0.0,115.21428571428571,0.7792270531400967,26.71636701797892
4110004,938.0,Vikarabad,28,3171.0,4291.0,86801.0,0.0,0.0,113.25,0.7389885807504079,27.373383790602333
4110006,938.0,Vikarabad,28,3056.0,4881.0,84155.0,0.0,0.0,109.14285714285714,0.6261012087686949,27.537630890052355
4110008,938.0,Vikarabad,28,4665.0,6902.0,120457.0,0.0,0.0,166.60714285714286,0.6758910460736018,25.82143622722401
4110021,938.0,Vikarabad,28,2671.0,3627.0,73327.0,0.0,0.0,95.39285714285714,0.7364212848083815,27.453013852489704
4110024,938.0,Vikarabad,28,4825.0,8441.0,137408.0,0.0,0.0,172.32142857142858,0.5716147375903329,28.478341968911916
4110027,938.0,Vikarabad,28,6996.0,9974.0,182294.0,0.0,0.0,249.85714285714286,0.701423701624223,26.056889651229273
4110029,938.0,Vikarabad,28,13027.0,16113.0,336256.0,0.0,0.0,465.25,0.8084776267610004,25.812236124971214
4110035,938.0,Vikarabad,28,5643.0,8647.0,151934.0,0.0,0.0,201.53571428571428,0.6525962761651439,26.92433102959419
4112007,938.0,Vikarabad,28,8301.0,9346.0,219608.0,0.0,0.0,296.4642857142857,0.8881874598758828,26.455607758101433
4113003,938.0,Vikarabad,28,5905.0,7613.0,152311.0,0.0,0.0,210.89285714285714,0.7756469197425456,25.793564775613888
4113006,938.0,Vikarabad,28,3408.0,5520.0,87555.0,0.0,0.0,121.71428571428571,0.6173913043478261,25.691021126760564
4113009,938.0,Vikarabad,28,2989.0,3723.0,78489.0,0.0,0.0,106.75,0.8028471662637657,26.259284041485447
4113014,938.0,Vikarabad,28,4261.0,5520.0,113332.0,0.0,0.0,152.17857142857142,0.7719202898550724,26.597512321051397
4113025,938.0,Vikarabad,28,3348.0,5372.0,88254.0,0.0,0.0,119.57142857142857,0.6232315711094565,26.36021505376344
4113032,938.0,Vikarabad,28,4054.0,5053.0,106382.0,0.0,0.0,144.78571428571428,0.8022956659410251,26.241243216576223
4115024,938.0,Vikarabad,28,3410.0,5206.0,117909.0,0.0,0.0,121.78571428571429,0.6550134460238187,34.57741935483871
4115025,938.0,Vikarabad,28,4096.0,5163.0,112444.0,0.0,0.0,146.28571428571428,0.7933372070501646,27.4521484375
4115026,938.0,Vikarabad,28,5451.0,6993.0,154351.0,0.0,0.0,194.67857142857142,0.7794937794937795,28.316088791047513
4118002,938.0,Vikarabad,28,5508.0,8370.0,141325.0,0.0,0.0,196.71428571428572,0.6580645161290323,25.6581336238199
4118012,938.0,Vikarabad,28,4681.0,7032.0,120901.0,0.0,0.0,167.17857142857142,0.6656712172923777,25.828028199102757
4118022,938.0,Vikarabad,28,12867.0,16142.0,333285.0,0.0,0.0,459.5357142857143,0.7971131210506752,25.902308230356727
4202022,939.0,Wanaparthy,28,9164.0,12538.0,234457.0,0.0,0.0,327.2857142857143,0.7308980698676025,25.58457005674378
4204024,939.0,Wanaparthy,28,7963.0,13733.0,236875.0,0.0,0.0,284.39285714285717,0.5798441709750237,29.746954665327138
4204028,939.0,Wanaparthy,28,3229.0,5044.0,86256.0,0.0,0.0,115.32142857142857,0.6401665344964313,26.71291421492722
4204029,939.0,Wanaparthy,28,3060.0,4080.0,80575.0,0.0,0.0,109.28571428571429,0.75,26.33169934640523
4209021,939.0,Wanaparthy,28,3142.0,5372.0,94362.0,0.0,0.0,112.21428571428571,0.5848845867460909,30.03246339910885
4502028,981.0,Mulugu,28,691.0,901.0,20119.0,0.0,0.0,24.678571428571427,0.7669256381798002,29.11577424023155
4504029,981.0,Mulugu,28,1720.0,2821.0,47761.0,0.0,0.0,61.42857142857143,0.6097128677773839,27.768023255813954
4506007,981.0,Mulugu,28,5264.0,6630.0,155326.0,0.0,0.0,188.0,0.7939668174962292,29.507218844984802
4506008,981.0,Mulugu,28,3645.0,4380.0,111332.0,0.0,0.0,130.17857142857142,0.8321917808219178,30.543758573388203
4506012,981.0,Mulugu,28,2605.0,3271.0,72475.0,0.0,0.0,93.03571428571429,0.7963925405074901,27.821497120921304
4506013,981.0,Mulugu,28,1468.0,1830.0,42094.0,0.0,0.0,52.42857142857143,0.8021857923497268,28.674386920980925
4506015,981.0,Mulugu,28,4306.0,5848.0,114095.0,0.0,0.0,153.78571428571428,0.7363201094391245,26.496748722712493
4506022,981.0,Mulugu,28,4452.0,4774.0,135594.0,0.0,0.0,159.0,0.9325513196480938,30.456873315363882
4506023,981.0,Mulugu,28,4423.0,4745.0,137584.0,0.0,0.0,157.96428571428572,0.9321390937829294,31.106488808501016
4602002,982.0,Narayanpet,28,17325.0,24624.0,445569.0,0.0,0.0,618.75,0.7035818713450293,25.7182683982684
4602003,982.0,Narayanpet,28,8783.0,12657.0,225324.0,0.0,0.0,313.67857142857144,0.6939243106581339,25.654559945348968
4602010,982.0,Narayanpet,28,21014.0,25079.0,538348.0,0.0,214.0,750.5,0.837912197456039,25.618540020938422
4602024,982.0,Narayanpet,28,9469.0,13847.0,244486.0,0.0,52.0,338.17857142857144,0.6838304325846754,25.81962192417362
4602030,982.0,Narayanpet,28,14876.0,17017.0,394845.0,0.0,225.0,531.2857142857143,0.8741846388905212,26.542417316482926
4602043,982.0,Narayanpet,28,25430.0,29252.0,655315.0,0.0,345.0,908.2142857142857,0.8693422671954054,25.76936688950059
4603019,982.0,Narayanpet,28,7671.0,11070.0,197502.0,0.0,0.0,273.9642857142857,0.6929539295392954,25.7465780211185
4603028,982.0,Narayanpet,28,8180.0,11646.0,217341.0,0.0,84.0,292.14285714285717,0.7023870856946591,26.569804400977993
4603037,982.0,Narayanpet,28,4340.0,6917.0,136139.0,0.0,19.0,155.0,0.627439641463062,31.368433179723503
4604001,982.0,Narayanpet,28,9043.0,12688.0,233614.0,0.0,0.0,322.9642857142857,0.7127206809583859,25.833683512108813
4604004,982.0,Narayanpet,28,14376.0,16590.0,394394.0,0.0,0.0,513.4285714285714,0.8665461121157324,27.434195882025598
4604007,982.0,Narayanpet,28,11563.0,13019.0,328911.0,0.0,0.0,412.9642857142857,0.8881634534142407,28.445126697223905
4604009,982.0,Narayanpet,28,5788.0,7497.0,151816.0,0.0,0.0,206.71428571428572,0.7720421501934107,26.2294402211472
4604013,982.0,Narayanpet,28,11664.0,13808.0,318128.0,0.0,0.0,416.57142857142856,0.8447276940903824,27.27434842249657
4604014,982.0,Narayanpet,28,9164.0,11220.0,261126.0,0.0,0.0,327.2857142857143,0.8167557932263815,28.49476211261458
4604015,982.0,Narayanpet,28,12772.0,15429.0,347413.0,0.0,0.0,456.14285714285717,0.827791820597576,27.201143125587222
4604017,982.0,Narayanpet,28,9473.0,12521.0,275912.0,0.0,0.0,338.32142857142856,0.7565689641402444,29.126147999577746
4604019,982.0,Narayanpet,28,10646.0,12660.0,273027.0,0.0,0.0,380.2142857142857,0.8409162717219589,25.645970317490136
4604021,982.0,Narayanpet,28,6355.0,7827.0,162698.0,0.0,0.0,226.96428571428572,0.8119330522550147,25.601573564122738
4604022,982.0,Narayanpet,28,10920.0,13217.0,292466.0,0.0,0.0,390.0,0.8262086706514338,26.782600732600734
4604024,982.0,Narayanpet,28,8429.0,10198.0,226385.0,0.0,0.0,301.0357142857143,0.8265346146303196,26.857871633645747
4604026,982.0,Narayanpet,28,14034.0,19118.0,363388.0,0.0,0.0,501.2142857142857,0.7340726017365833,25.893401738634743
4604028,982.0,Narayanpet,28,3401.0,4194.0,91064.0,0.0,0.0,121.46428571428571,0.8109203624225083,26.77565421934725
4604029,982.0,Narayanpet,28,8688.0,11685.0,222645.0,0.0,0.0,310.2857142857143,0.7435173299101412,25.626726519337016
4605015,982.0,Narayanpet,28,3620.0,5807.0,95449.0,0.0,0.0,129.28571428571428,0.6233855691406923,26.367127071823205
4606009,982.0,Narayanpet,28,7650.0,14443.0,209309.0,0.0,315.0,273.2142857142857,0.5296683514505297,27.360653594771243
4606013,982.0,Narayanpet,28,5114.0,6633.0,148131.0,0.0,43.0,182.64285714285714,0.770993517262174,28.96578021118498
4606014,982.0,Narayanpet,28,9372.0,12645.0,243126.0,0.0,1.0,334.7142857142857,0.7411625148279952,25.941741357234314
4606017,982.0,Narayanpet,28,9252.0,13309.0,249352.0,0.0,95.0,330.42857142857144,0.6951686828461943,26.95114569822741
4606018,982.0,Narayanpet,28,7942.0,13505.0,212138.0,0.0,293.0,283.64285714285717,0.5880784894483525,26.71090405439436
4606020,982.0,Narayanpet,28,6491.0,11864.0,173676.0,0.0,252.0,231.82142857142858,0.5471173297370195,26.75643198274534
4606022,982.0,Narayanpet,28,2098.0,2889.0,59377.0,0.0,9.0,74.92857142857143,0.7262028383523711,28.301715919923737
4609023,982.0,Narayanpet,28,9853.0,12728.0,259616.0,0.0,4.0,351.89285714285717,0.774120050282841,26.34892926012382
4609032,982.0,Narayanpet,28,11773.0,13250.0,301139.0,0.0,40.0,420.4642857142857,0.8885283018867924,25.5787819587191
4611009,982.0,Narayanpet,28,4382.0,5689.0,113019.0,0.0,1.0,156.5,0.7702583933907541,25.791647649475127
