district_code,district_name,shops,transaction_months,total_transactions,total_ration_cards,total_rice,total_wheat,total_sugar,transactions_per_ration_card,rice_per_transaction,transactions_per_shop_month
930.0,Medchal,646,17321,14343454.0,15752501.0,300835407.0,21395609.0,182841.0,0.9105509023614726,20.973707378989747,828.0961838231049
537.0,Ranga Reddy,936,25978,15028941.0,16820536.0,324256909.0,11109461.0,111255.0,0.8934876391572778,21.57549949793535,578.5257140657479
536.0,Hyderabad,655,18284,16700558.0,19195550.0,383165339.0,60617998.0,714574.0,0.8700223749775339,22.943265668129172,913.3973966309342
532.0,Adilabad,386,9966,4885927.0,5755051.0,105181248.0,0.0,10386.0,0.8489806606405399,21.527388354349135,490.25958258077463
533.0,Nizamabad,823,21269,10240531.0,12069117.0,209471300.0,0.0,30.0,0.8484904902322183,20.455120930740797,481.4768442333913
534.0,Karimnagar,566,15829,7076755.0,8347509.0,134243515.0,0.0,10066.0,0.8477684779974481,18.96964286597459,447.0753048202666
932.0,Nirmal,412,11536,5294385.0,6268960.0,105025679.0,40000.0,149.0,0.8445396046553176,19.837182033418422,458.9446081830791
924.0,Jagityal,624,16591,7684717.0,9233759.0,142287464.0,0.0,664.0,0.832241452262291,18.515641369747254,463.18588391296487
934.0,Sangareddy,862,23641,9417665.0,11363589.0,202259292.0,1.0,158.0,0.8287579742632367,21.476585969027354,398.3615329300791
936.0,Rajanna Siricilla,345,9656,4323774.0,5219384.0,82316707.0,0.0,120887.0,0.8284069537707898,19.038161337757245,447.78106876553437
